ISO-10303-21;
HEADER;
/* Generated by software containing ST-Developer
 * from STEP Tools, Inc. (www.steptools.com) 
 */

FILE_DESCRIPTION(
/* description */ (''),
/* implementation_level */ '2;1');

FILE_NAME(
/* name */ '3d Scanner.step',
/* time_stamp */ '2026-08-07T19:14:06+03:00',
/* author */ (''),
/* organization */ (''),
/* preprocessor_version */ 'ST-DEVELOPER v20.1',
/* originating_system */ 'Autodesk Translation Framework v15.8.0.0',
/* authorisation */ '');

FILE_SCHEMA (('AUTOMOTIVE_DESIGN { 1 0 10303 214 3 1 1 }'));
ENDSEC;

DATA;
#10=MECHANICAL_DESIGN_GEOMETRIC_PRESENTATION_REPRESENTATION('',(#191,#192,
#193,#194,#195,#196,#197,#198,#199,#200,#201,#202,#203,#204,#205,#206,#207),
#3070);
#11=CONTEXT_DEPENDENT_OVER_RIDING_STYLED_ITEM('',(#3214),#3130,#207,(#85));
#12=MAPPED_ITEM('',#13,#1819);
#13=REPRESENTATION_MAP(#1819,#3129);
#14=ELLIPSE('',#1783,9.79055466999209,7.5);
#15=ELLIPSE('',#1788,10.4432574976707,7.99999937415123);
#16=(
BOUNDED_SURFACE()
B_SPLINE_SURFACE(5,1,((#2804,#2805),(#2806,#2807),(#2808,#2809),(#2810,
#2811),(#2812,#2813),(#2814,#2815),(#2816,#2817),(#2818,#2819)),
 .UNSPECIFIED.,.F.,.F.,.F.)
B_SPLINE_SURFACE_WITH_KNOTS((6,1,1,6),(2,2),(-1.,-0.666666666666667,-0.333333333333333,
-0.084346725776858),(-0.5,0.5),.UNSPECIFIED.)
GEOMETRIC_REPRESENTATION_ITEM()
RATIONAL_B_SPLINE_SURFACE(((1.,1.),(1.,1.),(1.,1.),(1.,1.),(1.,1.),(1.,
1.),(1.,1.),(1.,1.)))
REPRESENTATION_ITEM('')
SURFACE()
);
#17=(
BOUNDED_SURFACE()
B_SPLINE_SURFACE(3,1,((#2832,#2833),(#2834,#2835),(#2836,#2837),(#2838,
#2839)),.UNSPECIFIED.,.F.,.F.,.F.)
B_SPLINE_SURFACE_WITH_KNOTS((4,4),(2,2),(-1.,0.),(-0.5,0.5),
 .UNSPECIFIED.)
GEOMETRIC_REPRESENTATION_ITEM()
RATIONAL_B_SPLINE_SURFACE(((1.,1.),(1.,1.),(1.,1.),(1.,1.)))
REPRESENTATION_ITEM('')
SURFACE()
);
#18=(
BOUNDED_SURFACE()
B_SPLINE_SURFACE(2,1,((#2846,#2847),(#2848,#2849),(#2850,#2851)),
 .UNSPECIFIED.,.F.,.F.,.F.)
B_SPLINE_SURFACE_WITH_KNOTS((3,3),(2,2),(0.,1.),(-0.5,0.5),
 .UNSPECIFIED.)
GEOMETRIC_REPRESENTATION_ITEM()
RATIONAL_B_SPLINE_SURFACE(((1.,1.),(1.,1.),(1.,1.)))
REPRESENTATION_ITEM('')
SURFACE()
);
#19=(
BOUNDED_SURFACE()
B_SPLINE_SURFACE(5,1,((#2857,#2858),(#2859,#2860),(#2861,#2862),(#2863,
#2864),(#2865,#2866),(#2867,#2868),(#2869,#2870),(#2871,#2872)),
 .UNSPECIFIED.,.F.,.F.,.F.)
B_SPLINE_SURFACE_WITH_KNOTS((6,1,1,6),(2,2),(-1.,-0.666666666666667,-0.333333333333333,
-0.084346725776858),(-0.5,0.5),.UNSPECIFIED.)
GEOMETRIC_REPRESENTATION_ITEM()
RATIONAL_B_SPLINE_SURFACE(((1.,1.),(1.,1.),(1.,1.),(1.,1.),(1.,1.),(1.,
1.),(1.,1.),(1.,1.)))
REPRESENTATION_ITEM('')
SURFACE()
);
#20=(
BOUNDED_SURFACE()
B_SPLINE_SURFACE(3,1,((#2883,#2884),(#2885,#2886),(#2887,#2888),(#2889,
#2890)),.UNSPECIFIED.,.F.,.F.,.F.)
B_SPLINE_SURFACE_WITH_KNOTS((4,4),(2,2),(-1.,0.),(-0.5,0.5),
 .UNSPECIFIED.)
GEOMETRIC_REPRESENTATION_ITEM()
RATIONAL_B_SPLINE_SURFACE(((1.,1.),(1.,1.),(1.,1.),(1.,1.)))
REPRESENTATION_ITEM('')
SURFACE()
);
#21=(
BOUNDED_SURFACE()
B_SPLINE_SURFACE(2,1,((#2897,#2898),(#2899,#2900),(#2901,#2902)),
 .UNSPECIFIED.,.F.,.F.,.F.)
B_SPLINE_SURFACE_WITH_KNOTS((3,3),(2,2),(0.0299137248595305,1.),(-0.5,0.5),
 .UNSPECIFIED.)
GEOMETRIC_REPRESENTATION_ITEM()
RATIONAL_B_SPLINE_SURFACE(((1.,1.),(1.,1.),(1.,1.)))
REPRESENTATION_ITEM('')
SURFACE()
);
#22=(
BOUNDED_SURFACE()
B_SPLINE_SURFACE(5,1,((#2912,#2913),(#2914,#2915),(#2916,#2917),(#2918,
#2919),(#2920,#2921),(#2922,#2923)),.UNSPECIFIED.,.F.,.F.,.F.)
B_SPLINE_SURFACE_WITH_KNOTS((6,6),(2,2),(-0.0843467257768201,0.),(-0.5,
0.5),.UNSPECIFIED.)
GEOMETRIC_REPRESENTATION_ITEM()
RATIONAL_B_SPLINE_SURFACE(((1.,1.),(1.,1.),(1.,1.),(1.,1.),(1.,1.),(1.,
1.)))
REPRESENTATION_ITEM('')
SURFACE()
);
#23=(
BOUNDED_CURVE()
B_SPLINE_CURVE(5,(#2761,#2762,#2763,#2764,#2765,#2766),.UNSPECIFIED.,.F.,
 .F.)
B_SPLINE_CURVE_WITH_KNOTS((6,6),(0.,0.0843467257768201),.UNSPECIFIED.)
CURVE()
GEOMETRIC_REPRESENTATION_ITEM()
RATIONAL_B_SPLINE_CURVE((1.,1.,1.,1.,1.,1.))
REPRESENTATION_ITEM('')
);
#24=(
BOUNDED_CURVE()
B_SPLINE_CURVE(5,(#2768,#2769,#2770,#2771,#2772,#2773,#2774,#2775),
 .UNSPECIFIED.,.F.,.F.)
B_SPLINE_CURVE_WITH_KNOTS((6,1,1,6),(0.084346725776858,0.333333333333333,
0.666666666666667,1.),.UNSPECIFIED.)
CURVE()
GEOMETRIC_REPRESENTATION_ITEM()
RATIONAL_B_SPLINE_CURVE((1.,1.,1.,1.,1.,1.,1.,1.))
REPRESENTATION_ITEM('')
);
#25=(
BOUNDED_CURVE()
B_SPLINE_CURVE(3,(#2777,#2778,#2779,#2780),.UNSPECIFIED.,.F.,.F.)
B_SPLINE_CURVE_WITH_KNOTS((4,4),(0.,1.),.UNSPECIFIED.)
CURVE()
GEOMETRIC_REPRESENTATION_ITEM()
RATIONAL_B_SPLINE_CURVE((1.,1.,1.,1.))
REPRESENTATION_ITEM('')
);
#26=(
BOUNDED_CURVE()
B_SPLINE_CURVE(2,(#2782,#2783,#2784),.UNSPECIFIED.,.F.,.F.)
B_SPLINE_CURVE_WITH_KNOTS((3,3),(-1.,0.),.UNSPECIFIED.)
CURVE()
GEOMETRIC_REPRESENTATION_ITEM()
RATIONAL_B_SPLINE_CURVE((1.,1.,1.))
REPRESENTATION_ITEM('')
);
#27=(
BOUNDED_CURVE()
B_SPLINE_CURVE(5,(#2786,#2787,#2788,#2789,#2790,#2791,#2792,#2793),
 .UNSPECIFIED.,.F.,.F.)
B_SPLINE_CURVE_WITH_KNOTS((6,1,1,6),(0.084346725776858,0.333333333333333,
0.666666666666667,1.),.UNSPECIFIED.)
CURVE()
GEOMETRIC_REPRESENTATION_ITEM()
RATIONAL_B_SPLINE_CURVE((1.,1.,1.,1.,1.,1.,1.,1.))
REPRESENTATION_ITEM('')
);
#28=(
BOUNDED_CURVE()
B_SPLINE_CURVE(3,(#2795,#2796,#2797,#2798),.UNSPECIFIED.,.F.,.F.)
B_SPLINE_CURVE_WITH_KNOTS((4,4),(0.,1.),.UNSPECIFIED.)
CURVE()
GEOMETRIC_REPRESENTATION_ITEM()
RATIONAL_B_SPLINE_CURVE((1.,1.,1.,1.))
REPRESENTATION_ITEM('')
);
#29=(
BOUNDED_CURVE()
B_SPLINE_CURVE(2,(#2800,#2801,#2802),.UNSPECIFIED.,.F.,.F.)
B_SPLINE_CURVE_WITH_KNOTS((3,3),(-1.,-0.0299137248595305),.UNSPECIFIED.)
CURVE()
GEOMETRIC_REPRESENTATION_ITEM()
RATIONAL_B_SPLINE_CURVE((1.,1.,1.))
REPRESENTATION_ITEM('')
);
#30=(
BOUNDED_CURVE()
B_SPLINE_CURVE(5,(#2823,#2824,#2825,#2826,#2827,#2828,#2829,#2830),
 .UNSPECIFIED.,.F.,.F.)
B_SPLINE_CURVE_WITH_KNOTS((6,1,1,6),(-1.,-0.666666666666667,-0.333333333333333,
-0.084346725776858),.UNSPECIFIED.)
CURVE()
GEOMETRIC_REPRESENTATION_ITEM()
RATIONAL_B_SPLINE_CURVE((1.,1.,1.,1.,1.,1.,1.,1.))
REPRESENTATION_ITEM('')
);
#31=(
BOUNDED_CURVE()
B_SPLINE_CURVE(3,(#2841,#2842,#2843,#2844),.UNSPECIFIED.,.F.,.F.)
B_SPLINE_CURVE_WITH_KNOTS((4,4),(-1.,0.),.UNSPECIFIED.)
CURVE()
GEOMETRIC_REPRESENTATION_ITEM()
RATIONAL_B_SPLINE_CURVE((1.,1.,1.,1.))
REPRESENTATION_ITEM('')
);
#32=(
BOUNDED_CURVE()
B_SPLINE_CURVE(2,(#2853,#2854,#2855),.UNSPECIFIED.,.F.,.F.)
B_SPLINE_CURVE_WITH_KNOTS((3,3),(0.,1.),.UNSPECIFIED.)
CURVE()
GEOMETRIC_REPRESENTATION_ITEM()
RATIONAL_B_SPLINE_CURVE((1.,1.,1.))
REPRESENTATION_ITEM('')
);
#33=(
BOUNDED_CURVE()
B_SPLINE_CURVE(5,(#2874,#2875,#2876,#2877,#2878,#2879,#2880,#2881),
 .UNSPECIFIED.,.F.,.F.)
B_SPLINE_CURVE_WITH_KNOTS((6,1,1,6),(-1.,-0.666666666666667,-0.333333333333333,
-0.084346725776858),.UNSPECIFIED.)
CURVE()
GEOMETRIC_REPRESENTATION_ITEM()
RATIONAL_B_SPLINE_CURVE((1.,1.,1.,1.,1.,1.,1.,1.))
REPRESENTATION_ITEM('')
);
#34=(
BOUNDED_CURVE()
B_SPLINE_CURVE(3,(#2892,#2893,#2894,#2895),.UNSPECIFIED.,.F.,.F.)
B_SPLINE_CURVE_WITH_KNOTS((4,4),(-1.,0.),.UNSPECIFIED.)
CURVE()
GEOMETRIC_REPRESENTATION_ITEM()
RATIONAL_B_SPLINE_CURVE((1.,1.,1.,1.))
REPRESENTATION_ITEM('')
);
#35=(
BOUNDED_CURVE()
B_SPLINE_CURVE(2,(#2904,#2905,#2906),.UNSPECIFIED.,.F.,.F.)
B_SPLINE_CURVE_WITH_KNOTS((3,3),(0.0299137248595305,1.),.UNSPECIFIED.)
CURVE()
GEOMETRIC_REPRESENTATION_ITEM()
RATIONAL_B_SPLINE_CURVE((1.,1.,1.))
REPRESENTATION_ITEM('')
);
#36=(
BOUNDED_CURVE()
B_SPLINE_CURVE(5,(#2924,#2925,#2926,#2927,#2928,#2929),.UNSPECIFIED.,.F.,
 .F.)
B_SPLINE_CURVE_WITH_KNOTS((6,6),(-0.0843467257768201,0.),.UNSPECIFIED.)
CURVE()
GEOMETRIC_REPRESENTATION_ITEM()
RATIONAL_B_SPLINE_CURVE((1.,1.,1.,1.,1.,1.))
REPRESENTATION_ITEM('')
);
#37=B_SPLINE_CURVE_WITH_KNOTS('',3,(#2524,#2525,#2526,#2527),
 .UNSPECIFIED.,.F.,.F.,(4,4),(0.,0.499803293277076),.UNSPECIFIED.);
#38=B_SPLINE_CURVE_WITH_KNOTS('',3,(#2528,#2529,#2530,#2531),
 .UNSPECIFIED.,.F.,.F.,(4,4),(0.499803293277076,1.),.UNSPECIFIED.);
#39=B_SPLINE_CURVE_WITH_KNOTS('',3,(#2533,#2534,#2535,#2536),
 .UNSPECIFIED.,.F.,.F.,(4,4),(0.499803293277076,1.),.UNSPECIFIED.);
#40=B_SPLINE_CURVE_WITH_KNOTS('',3,(#2537,#2538,#2539,#2540),
 .UNSPECIFIED.,.F.,.F.,(4,4),(0.,0.499803293277076),.UNSPECIFIED.);
#41=B_SPLINE_CURVE_WITH_KNOTS('',3,(#2570,#2571,#2572,#2573),
 .UNSPECIFIED.,.F.,.F.,(4,4),(0.499803293277076,1.),.UNSPECIFIED.);
#42=B_SPLINE_CURVE_WITH_KNOTS('',3,(#2574,#2575,#2576,#2577),
 .UNSPECIFIED.,.F.,.F.,(4,4),(0.,0.499803293277076),.UNSPECIFIED.);
#43=B_SPLINE_CURVE_WITH_KNOTS('',3,(#2607,#2608,#2609,#2610),
 .UNSPECIFIED.,.F.,.F.,(4,4),(0.499803293277076,1.),.UNSPECIFIED.);
#44=B_SPLINE_CURVE_WITH_KNOTS('',3,(#2611,#2612,#2613,#2614),
 .UNSPECIFIED.,.F.,.F.,(4,4),(0.,0.499803293277076),.UNSPECIFIED.);
#45=B_SPLINE_CURVE_WITH_KNOTS('',3,(#2644,#2645,#2646,#2647),
 .UNSPECIFIED.,.F.,.F.,(4,4),(0.499803293277076,1.),.UNSPECIFIED.);
#46=B_SPLINE_CURVE_WITH_KNOTS('',3,(#2648,#2649,#2650,#2651),
 .UNSPECIFIED.,.F.,.F.,(4,4),(0.,0.499803293277076),.UNSPECIFIED.);
#47=B_SPLINE_CURVE_WITH_KNOTS('',3,(#2681,#2682,#2683,#2684),
 .UNSPECIFIED.,.F.,.F.,(4,4),(0.499803293277076,1.),.UNSPECIFIED.);
#48=B_SPLINE_CURVE_WITH_KNOTS('',3,(#2685,#2686,#2687,#2688),
 .UNSPECIFIED.,.F.,.F.,(4,4),(0.,0.499803293277076),.UNSPECIFIED.);
#49=B_SPLINE_CURVE_WITH_KNOTS('',3,(#2944,#2945,#2946,#2947),
 .UNSPECIFIED.,.F.,.F.,(4,4),(3.73796242856645,4.09955638115554),
 .UNSPECIFIED.);
#50=B_SPLINE_CURVE_WITH_KNOTS('',3,(#2949,#2950,#2951,#2952,#2953,#2954,
#2955,#2956,#2957,#2958,#2959,#2960,#2961,#2962,#2963,#2964,#2965,#2966,
#2967,#2968,#2969,#2970,#2971,#2972,#2973,#2974,#2975,#2976,#2977,#2978,
#2979,#2980),.UNSPECIFIED.,.F.,.F.,(4,2,2,2,2,2,2,2,2,2,2,2,2,2,2,4),(1.42031439518044,
1.48263184004804,1.6085285134328,1.86032186020232,2.11975227842018,2.37918269663805,
2.49318921177851,2.60719572691897,2.73711977216723,2.86704381741548,3.0054088573087,
3.14377389720191,3.29232103004304,3.44086816288418,3.58941529572532,3.73796242856645),
 .UNSPECIFIED.);
#51=B_SPLINE_CURVE_WITH_KNOTS('',3,(#2983,#2984,#2985,#2986,#2987,#2988,
#2989,#2990,#2991,#2992,#2993,#2994,#2995,#2996,#2997,#2998,#2999,#3000),
 .UNSPECIFIED.,.F.,.F.,(4,2,2,2,2,2,2,2,4),(6.99401364688275,7.08636874371846,
7.31956988193268,7.55277102014691,7.67866769353167,7.80456436691643,8.05635771368594,
8.31578813190381,8.40482502180254),.UNSPECIFIED.);
#52=B_SPLINE_SURFACE_WITH_KNOTS('',3,3,((#2495,#2496,#2497,#2498),(#2499,
#2500,#2501,#2502),(#2503,#2504,#2505,#2506),(#2507,#2508,#2509,#2510),
(#2511,#2512,#2513,#2514),(#2515,#2516,#2517,#2518),(#2519,#2520,#2521,
#2522)),.UNSPECIFIED.,.F.,.F.,.F.,(4,1,1,1,4),(4,4),(0.,0.285714285714286,
0.571428571428571,0.857142857142857,1.),(0.,1.),.UNSPECIFIED.);
#53=B_SPLINE_SURFACE_WITH_KNOTS('',3,3,((#2541,#2542,#2543,#2544),(#2545,
#2546,#2547,#2548),(#2549,#2550,#2551,#2552),(#2553,#2554,#2555,#2556),
(#2557,#2558,#2559,#2560),(#2561,#2562,#2563,#2564),(#2565,#2566,#2567,
#2568)),.UNSPECIFIED.,.F.,.F.,.F.,(4,1,1,1,4),(4,4),(0.,0.285714285714286,
0.571428571428571,0.857142857142857,1.),(0.,1.),.UNSPECIFIED.);
#54=B_SPLINE_SURFACE_WITH_KNOTS('',3,3,((#2578,#2579,#2580,#2581),(#2582,
#2583,#2584,#2585),(#2586,#2587,#2588,#2589),(#2590,#2591,#2592,#2593),
(#2594,#2595,#2596,#2597),(#2598,#2599,#2600,#2601),(#2602,#2603,#2604,
#2605)),.UNSPECIFIED.,.F.,.F.,.F.,(4,1,1,1,4),(4,4),(0.,0.285714285714286,
0.571428571428571,0.857142857142857,1.),(0.,1.),.UNSPECIFIED.);
#55=B_SPLINE_SURFACE_WITH_KNOTS('',3,3,((#2615,#2616,#2617,#2618),(#2619,
#2620,#2621,#2622),(#2623,#2624,#2625,#2626),(#2627,#2628,#2629,#2630),
(#2631,#2632,#2633,#2634),(#2635,#2636,#2637,#2638),(#2639,#2640,#2641,
#2642)),.UNSPECIFIED.,.F.,.F.,.F.,(4,1,1,1,4),(4,4),(0.,0.285714285714286,
0.571428571428571,0.857142857142857,1.),(0.,1.),.UNSPECIFIED.);
#56=B_SPLINE_SURFACE_WITH_KNOTS('',3,3,((#2652,#2653,#2654,#2655),(#2656,
#2657,#2658,#2659),(#2660,#2661,#2662,#2663),(#2664,#2665,#2666,#2667),
(#2668,#2669,#2670,#2671),(#2672,#2673,#2674,#2675),(#2676,#2677,#2678,
#2679)),.UNSPECIFIED.,.F.,.F.,.F.,(4,1,1,1,4),(4,4),(0.,0.285714285714286,
0.571428571428571,0.857142857142857,1.),(0.,1.),.UNSPECIFIED.);
#57=B_SPLINE_SURFACE_WITH_KNOTS('',3,3,((#2689,#2690,#2691,#2692),(#2693,
#2694,#2695,#2696),(#2697,#2698,#2699,#2700),(#2701,#2702,#2703,#2704),
(#2705,#2706,#2707,#2708),(#2709,#2710,#2711,#2712),(#2713,#2714,#2715,
#2716)),.UNSPECIFIED.,.F.,.F.,.F.,(4,1,1,1,4),(4,4),(0.,0.285714285714286,
0.571428571428571,0.857142857142857,1.),(0.,1.),.UNSPECIFIED.);
#58=ITEM_DEFINED_TRANSFORMATION($,$,#1730,#1736);
#59=ITEM_DEFINED_TRANSFORMATION($,$,#1730,#1743);
#60=ITEM_DEFINED_TRANSFORMATION($,$,#1777,#1799);
#61=ITEM_DEFINED_TRANSFORMATION($,$,#1781,#1800);
#62=ITEM_DEFINED_TRANSFORMATION($,$,#1781,#1801);
#63=ITEM_DEFINED_TRANSFORMATION($,$,#1694,#1802);
#64=ITEM_DEFINED_TRANSFORMATION($,$,#1702,#1803);
#65=ITEM_DEFINED_TRANSFORMATION($,$,#1695,#1804);
#66=ITEM_DEFINED_TRANSFORMATION($,$,#1702,#1805);
#67=ITEM_DEFINED_TRANSFORMATION($,$,#1702,#1806);
#68=ITEM_DEFINED_TRANSFORMATION($,$,#1702,#1807);
#69=ITEM_DEFINED_TRANSFORMATION($,$,#1702,#1808);
#70=ITEM_DEFINED_TRANSFORMATION($,$,#1702,#1809);
#71=ITEM_DEFINED_TRANSFORMATION($,$,#1711,#1810);
#72=ITEM_DEFINED_TRANSFORMATION($,$,#1718,#1811);
#73=ITEM_DEFINED_TRANSFORMATION($,$,#1729,#1812);
#74=ITEM_DEFINED_TRANSFORMATION($,$,#1744,#1813);
#75=ITEM_DEFINED_TRANSFORMATION($,$,#1751,#1814);
#76=ITEM_DEFINED_TRANSFORMATION($,$,#1758,#1815);
#77=ITEM_DEFINED_TRANSFORMATION($,$,#1765,#1816);
#78=ITEM_DEFINED_TRANSFORMATION($,$,#1767,#1817);
#79=ITEM_DEFINED_TRANSFORMATION($,$,#1776,#1818);
#80=(
REPRESENTATION_RELATIONSHIP($,$,#3136,#3133)
REPRESENTATION_RELATIONSHIP_WITH_TRANSFORMATION(#58)
SHAPE_REPRESENTATION_RELATIONSHIP()
);
#81=(
REPRESENTATION_RELATIONSHIP($,$,#3136,#3135)
REPRESENTATION_RELATIONSHIP_WITH_TRANSFORMATION(#59)
SHAPE_REPRESENTATION_RELATIONSHIP()
);
#82=(
REPRESENTATION_RELATIONSHIP($,$,#3143,#3142)
REPRESENTATION_RELATIONSHIP_WITH_TRANSFORMATION(#60)
SHAPE_REPRESENTATION_RELATIONSHIP()
);
#83=(
REPRESENTATION_RELATIONSHIP($,$,#3144,#3142)
REPRESENTATION_RELATIONSHIP_WITH_TRANSFORMATION(#61)
SHAPE_REPRESENTATION_RELATIONSHIP()
);
#84=(
REPRESENTATION_RELATIONSHIP($,$,#3144,#3142)
REPRESENTATION_RELATIONSHIP_WITH_TRANSFORMATION(#62)
SHAPE_REPRESENTATION_RELATIONSHIP()
);
#85=(
REPRESENTATION_RELATIONSHIP($,$,#3130,#3129)
REPRESENTATION_RELATIONSHIP_WITH_TRANSFORMATION(#63)
SHAPE_REPRESENTATION_RELATIONSHIP()
);
#86=(
REPRESENTATION_RELATIONSHIP($,$,#3132,#3129)
REPRESENTATION_RELATIONSHIP_WITH_TRANSFORMATION(#64)
SHAPE_REPRESENTATION_RELATIONSHIP()
);
#87=(
REPRESENTATION_RELATIONSHIP($,$,#3131,#3129)
REPRESENTATION_RELATIONSHIP_WITH_TRANSFORMATION(#65)
SHAPE_REPRESENTATION_RELATIONSHIP()
);
#88=(
REPRESENTATION_RELATIONSHIP($,$,#3132,#3129)
REPRESENTATION_RELATIONSHIP_WITH_TRANSFORMATION(#66)
SHAPE_REPRESENTATION_RELATIONSHIP()
);
#89=(
REPRESENTATION_RELATIONSHIP($,$,#3132,#3129)
REPRESENTATION_RELATIONSHIP_WITH_TRANSFORMATION(#67)
SHAPE_REPRESENTATION_RELATIONSHIP()
);
#90=(
REPRESENTATION_RELATIONSHIP($,$,#3132,#3129)
REPRESENTATION_RELATIONSHIP_WITH_TRANSFORMATION(#68)
SHAPE_REPRESENTATION_RELATIONSHIP()
);
#91=(
REPRESENTATION_RELATIONSHIP($,$,#3132,#3129)
REPRESENTATION_RELATIONSHIP_WITH_TRANSFORMATION(#69)
SHAPE_REPRESENTATION_RELATIONSHIP()
);
#92=(
REPRESENTATION_RELATIONSHIP($,$,#3132,#3129)
REPRESENTATION_RELATIONSHIP_WITH_TRANSFORMATION(#70)
SHAPE_REPRESENTATION_RELATIONSHIP()
);
#93=(
REPRESENTATION_RELATIONSHIP($,$,#3133,#3129)
REPRESENTATION_RELATIONSHIP_WITH_TRANSFORMATION(#71)
SHAPE_REPRESENTATION_RELATIONSHIP()
);
#94=(
REPRESENTATION_RELATIONSHIP($,$,#3134,#3129)
REPRESENTATION_RELATIONSHIP_WITH_TRANSFORMATION(#72)
SHAPE_REPRESENTATION_RELATIONSHIP()
);
#95=(
REPRESENTATION_RELATIONSHIP($,$,#3135,#3129)
REPRESENTATION_RELATIONSHIP_WITH_TRANSFORMATION(#73)
SHAPE_REPRESENTATION_RELATIONSHIP()
);
#96=(
REPRESENTATION_RELATIONSHIP($,$,#3137,#3129)
REPRESENTATION_RELATIONSHIP_WITH_TRANSFORMATION(#74)
SHAPE_REPRESENTATION_RELATIONSHIP()
);
#97=(
REPRESENTATION_RELATIONSHIP($,$,#3138,#3129)
REPRESENTATION_RELATIONSHIP_WITH_TRANSFORMATION(#75)
SHAPE_REPRESENTATION_RELATIONSHIP()
);
#98=(
REPRESENTATION_RELATIONSHIP($,$,#3139,#3129)
REPRESENTATION_RELATIONSHIP_WITH_TRANSFORMATION(#76)
SHAPE_REPRESENTATION_RELATIONSHIP()
);
#99=(
REPRESENTATION_RELATIONSHIP($,$,#3140,#3129)
REPRESENTATION_RELATIONSHIP_WITH_TRANSFORMATION(#77)
SHAPE_REPRESENTATION_RELATIONSHIP()
);
#100=(
REPRESENTATION_RELATIONSHIP($,$,#3141,#3129)
REPRESENTATION_RELATIONSHIP_WITH_TRANSFORMATION(#78)
SHAPE_REPRESENTATION_RELATIONSHIP()
);
#101=(
REPRESENTATION_RELATIONSHIP($,$,#3142,#3129)
REPRESENTATION_RELATIONSHIP_WITH_TRANSFORMATION(#79)
SHAPE_REPRESENTATION_RELATIONSHIP()
);
#102=CONTEXT_DEPENDENT_SHAPE_REPRESENTATION(#80,#3099);
#103=CONTEXT_DEPENDENT_SHAPE_REPRESENTATION(#81,#3100);
#104=CONTEXT_DEPENDENT_SHAPE_REPRESENTATION(#82,#3109);
#105=CONTEXT_DEPENDENT_SHAPE_REPRESENTATION(#83,#3110);
#106=CONTEXT_DEPENDENT_SHAPE_REPRESENTATION(#84,#3111);
#107=CONTEXT_DEPENDENT_SHAPE_REPRESENTATION(#85,#3112);
#108=CONTEXT_DEPENDENT_SHAPE_REPRESENTATION(#86,#3113);
#109=CONTEXT_DEPENDENT_SHAPE_REPRESENTATION(#87,#3114);
#110=CONTEXT_DEPENDENT_SHAPE_REPRESENTATION(#88,#3115);
#111=CONTEXT_DEPENDENT_SHAPE_REPRESENTATION(#89,#3116);
#112=CONTEXT_DEPENDENT_SHAPE_REPRESENTATION(#90,#3117);
#113=CONTEXT_DEPENDENT_SHAPE_REPRESENTATION(#91,#3118);
#114=CONTEXT_DEPENDENT_SHAPE_REPRESENTATION(#92,#3119);
#115=CONTEXT_DEPENDENT_SHAPE_REPRESENTATION(#93,#3120);
#116=CONTEXT_DEPENDENT_SHAPE_REPRESENTATION(#94,#3121);
#117=CONTEXT_DEPENDENT_SHAPE_REPRESENTATION(#95,#3122);
#118=CONTEXT_DEPENDENT_SHAPE_REPRESENTATION(#96,#3123);
#119=CONTEXT_DEPENDENT_SHAPE_REPRESENTATION(#97,#3124);
#120=CONTEXT_DEPENDENT_SHAPE_REPRESENTATION(#98,#3125);
#121=CONTEXT_DEPENDENT_SHAPE_REPRESENTATION(#99,#3126);
#122=CONTEXT_DEPENDENT_SHAPE_REPRESENTATION(#100,#3127);
#123=CONTEXT_DEPENDENT_SHAPE_REPRESENTATION(#101,#3128);
#124=NEXT_ASSEMBLY_USAGE_OCCURRENCE('Component1:1','Component1:1',
'Component1:1',#3150,#3153,'Component1:1');
#125=NEXT_ASSEMBLY_USAGE_OCCURRENCE('Component1:1','Component1:1',
'Component1:1',#3152,#3153,'Component1:1');
#126=NEXT_ASSEMBLY_USAGE_OCCURRENCE('Component1:1','Component1:1',
'Component1:1',#3159,#3160,'Component1:1');
#127=NEXT_ASSEMBLY_USAGE_OCCURRENCE('Component2:1','Component2:1',
'Component2:1',#3159,#3161,'Component2:1');
#128=NEXT_ASSEMBLY_USAGE_OCCURRENCE('Component2:3','Component2:3',
'Component2:3',#3159,#3161,'Component2:3');
#129=NEXT_ASSEMBLY_USAGE_OCCURRENCE('CuteDino_ShortLegs v2:1',
'CuteDino_ShortLegs v2:1','CuteDino_ShortLegs v2:1',#3146,#3147,
'CuteDino_ShortLegs v2:1');
#130=NEXT_ASSEMBLY_USAGE_OCCURRENCE('Component6:1','Component6:1',
'Component6:1',#3146,#3149,'Component6:1');
#131=NEXT_ASSEMBLY_USAGE_OCCURRENCE('Component7:1','Component7:1',
'Component7:1',#3146,#3148,'Component7:1');
#132=NEXT_ASSEMBLY_USAGE_OCCURRENCE('Component6:2','Component6:2',
'Component6:2',#3146,#3149,'Component6:2');
#133=NEXT_ASSEMBLY_USAGE_OCCURRENCE('Component6:3','Component6:3',
'Component6:3',#3146,#3149,'Component6:3');
#134=NEXT_ASSEMBLY_USAGE_OCCURRENCE('Component6:4','Component6:4',
'Component6:4',#3146,#3149,'Component6:4');
#135=NEXT_ASSEMBLY_USAGE_OCCURRENCE('Component6:5','Component6:5',
'Component6:5',#3146,#3149,'Component6:5');
#136=NEXT_ASSEMBLY_USAGE_OCCURRENCE('Component6:6','Component6:6',
'Component6:6',#3146,#3149,'Component6:6');
#137=NEXT_ASSEMBLY_USAGE_OCCURRENCE('camera v1:1','camera v1:1',
'camera v1:1',#3146,#3150,'camera v1:1');
#138=NEXT_ASSEMBLY_USAGE_OCCURRENCE('Component8:1','Component8:1',
'Component8:1',#3146,#3151,'Component8:1');
#139=NEXT_ASSEMBLY_USAGE_OCCURRENCE('camera v1:2','camera v1:2',
'camera v1:2',#3146,#3152,'camera v1:2');
#140=NEXT_ASSEMBLY_USAGE_OCCURRENCE('Component7(Mirror):1',
'Component7(Mirror):1','Component7(Mirror):1',#3146,#3154,
'Component7(Mirror):1');
#141=NEXT_ASSEMBLY_USAGE_OCCURRENCE('Component7(Mirror) (1):1',
'Component7(Mirror) (1):1','Component7(Mirror) (1):1',#3146,#3155,
'Component7(Mirror) (1):1');
#142=NEXT_ASSEMBLY_USAGE_OCCURRENCE('Component7(Mirror)(Mirror):1',
'Component7(Mirror)(Mirror):1','Component7(Mirror)(Mirror):1',#3146,#3156,
'Component7(Mirror)(Mirror):1');
#143=NEXT_ASSEMBLY_USAGE_OCCURRENCE('Component12:1','Component12:1',
'Component12:1',#3146,#3157,'Component12:1');
#144=NEXT_ASSEMBLY_USAGE_OCCURRENCE('Component13:1','Component13:1',
'Component13:1',#3146,#3158,'Component13:1');
#145=NEXT_ASSEMBLY_USAGE_OCCURRENCE('reel v4:1','reel v4:1','reel v4:1',
#3146,#3159,'reel v4:1');
#146=FACE_BOUND('',#331,.T.);
#147=FACE_BOUND('',#366,.T.);
#148=FACE_BOUND('',#399,.T.);
#149=CIRCLE('',#1720,137.);
#150=CIRCLE('',#1721,137.);
#151=CIRCLE('',#1732,20.);
#152=CIRCLE('',#1733,20.);
#153=CIRCLE('',#1784,7.99999937415123);
#154=CIRCLE('',#1785,7.99999937415123);
#155=CIRCLE('',#1787,7.99999937415123);
#156=CIRCLE('',#1791,7.5);
#157=CIRCLE('',#1793,3.75);
#158=CIRCLE('',#1794,3.75);
#159=CIRCLE('',#1797,7.5);
#160=CYLINDRICAL_SURFACE('',#1719,137.);
#161=CYLINDRICAL_SURFACE('',#1731,20.);
#162=CYLINDRICAL_SURFACE('',#1786,7.99999937415123);
#163=CYLINDRICAL_SURFACE('',#1792,3.75);
#164=CYLINDRICAL_SURFACE('',#1796,7.5);
#165=SHAPE_REPRESENTATION_RELATIONSHIP('SRR','None',#3131,#178);
#166=SHAPE_REPRESENTATION_RELATIONSHIP('SRR','None',#3132,#179);
#167=SHAPE_REPRESENTATION_RELATIONSHIP('SRR','None',#3134,#180);
#168=SHAPE_REPRESENTATION_RELATIONSHIP('SRR','None',#3136,#181);
#169=SHAPE_REPRESENTATION_RELATIONSHIP('SRR','None',#3133,#182);
#170=SHAPE_REPRESENTATION_RELATIONSHIP('SRR','None',#3135,#183);
#171=SHAPE_REPRESENTATION_RELATIONSHIP('SRR','None',#3137,#184);
#172=SHAPE_REPRESENTATION_RELATIONSHIP('SRR','None',#3138,#185);
#173=SHAPE_REPRESENTATION_RELATIONSHIP('SRR','None',#3139,#186);
#174=SHAPE_REPRESENTATION_RELATIONSHIP('SRR','None',#3140,#187);
#175=SHAPE_REPRESENTATION_RELATIONSHIP('SRR','None',#3141,#188);
#176=SHAPE_REPRESENTATION_RELATIONSHIP('SRR','None',#3143,#189);
#177=SHAPE_REPRESENTATION_RELATIONSHIP('SRR','None',#3144,#190);
#178=ADVANCED_BREP_SHAPE_REPRESENTATION('',(#208),#3056);
#179=ADVANCED_BREP_SHAPE_REPRESENTATION('',(#209),#3057);
#180=ADVANCED_BREP_SHAPE_REPRESENTATION('',(#211),#3059);
#181=ADVANCED_BREP_SHAPE_REPRESENTATION('',(#212),#3061);
#182=ADVANCED_BREP_SHAPE_REPRESENTATION('',(#210),#3058);
#183=ADVANCED_BREP_SHAPE_REPRESENTATION('',(#213),#3060);
#184=ADVANCED_BREP_SHAPE_REPRESENTATION('',(#214),#3062);
#185=ADVANCED_BREP_SHAPE_REPRESENTATION('',(#215),#3063);
#186=ADVANCED_BREP_SHAPE_REPRESENTATION('',(#216),#3064);
#187=ADVANCED_BREP_SHAPE_REPRESENTATION('',(#217),#3065);
#188=ADVANCED_BREP_SHAPE_REPRESENTATION('',(#218),#3066);
#189=ADVANCED_BREP_SHAPE_REPRESENTATION('',(#219),#3068);
#190=ADVANCED_BREP_SHAPE_REPRESENTATION('',(#220),#3069);
#191=STYLED_ITEM('',(#3215),#208);
#192=STYLED_ITEM('',(#3215),#1470);
#193=STYLED_ITEM('',(#3216),#209);
#194=STYLED_ITEM('',(#3217),#210);
#195=STYLED_ITEM('',(#3218),#211);
#196=STYLED_ITEM('',(#3217),#1487);
#197=STYLED_ITEM('',(#3215),#212);
#198=STYLED_ITEM('',(#3217),#213);
#199=STYLED_ITEM('',(#3215),#214);
#200=STYLED_ITEM('',(#3215),#215);
#201=STYLED_ITEM('',(#3215),#216);
#202=STYLED_ITEM('',(#3213),#217);
#203=STYLED_ITEM('',(#3219),#218);
#204=STYLED_ITEM('',(#3213),#219);
#205=STYLED_ITEM('',(#3221),#1544);
#206=STYLED_ITEM('',(#3220),#220);
#207=STYLED_ITEM('',(#3222),#12);
#208=MANIFOLD_SOLID_BREP('Body1',#1547);
#209=MANIFOLD_SOLID_BREP('Body1',#1548);
#210=MANIFOLD_SOLID_BREP('Body1',#1549);
#211=MANIFOLD_SOLID_BREP('Body1',#1550);
#212=MANIFOLD_SOLID_BREP('Body1',#1551);
#213=MANIFOLD_SOLID_BREP('Body1',#1552);
#214=MANIFOLD_SOLID_BREP('Body1',#1553);
#215=MANIFOLD_SOLID_BREP('Body1',#1554);
#216=MANIFOLD_SOLID_BREP('Body1',#1555);
#217=MANIFOLD_SOLID_BREP('Body1',#1556);
#218=MANIFOLD_SOLID_BREP('Body1',#1557);
#219=MANIFOLD_SOLID_BREP('Body1',#1558);
#220=MANIFOLD_SOLID_BREP('Body1',#1559);
#221=FACE_OUTER_BOUND('',#309,.T.);
#222=FACE_OUTER_BOUND('',#310,.T.);
#223=FACE_OUTER_BOUND('',#311,.T.);
#224=FACE_OUTER_BOUND('',#312,.T.);
#225=FACE_OUTER_BOUND('',#313,.T.);
#226=FACE_OUTER_BOUND('',#314,.T.);
#227=FACE_OUTER_BOUND('',#315,.T.);
#228=FACE_OUTER_BOUND('',#316,.T.);
#229=FACE_OUTER_BOUND('',#317,.T.);
#230=FACE_OUTER_BOUND('',#318,.T.);
#231=FACE_OUTER_BOUND('',#319,.T.);
#232=FACE_OUTER_BOUND('',#320,.T.);
#233=FACE_OUTER_BOUND('',#321,.T.);
#234=FACE_OUTER_BOUND('',#322,.T.);
#235=FACE_OUTER_BOUND('',#323,.T.);
#236=FACE_OUTER_BOUND('',#324,.T.);
#237=FACE_OUTER_BOUND('',#325,.T.);
#238=FACE_OUTER_BOUND('',#326,.T.);
#239=FACE_OUTER_BOUND('',#327,.T.);
#240=FACE_OUTER_BOUND('',#328,.T.);
#241=FACE_OUTER_BOUND('',#329,.T.);
#242=FACE_OUTER_BOUND('',#330,.T.);
#243=FACE_OUTER_BOUND('',#332,.T.);
#244=FACE_OUTER_BOUND('',#333,.T.);
#245=FACE_OUTER_BOUND('',#334,.T.);
#246=FACE_OUTER_BOUND('',#335,.T.);
#247=FACE_OUTER_BOUND('',#336,.T.);
#248=FACE_OUTER_BOUND('',#337,.T.);
#249=FACE_OUTER_BOUND('',#338,.T.);
#250=FACE_OUTER_BOUND('',#339,.T.);
#251=FACE_OUTER_BOUND('',#340,.T.);
#252=FACE_OUTER_BOUND('',#341,.T.);
#253=FACE_OUTER_BOUND('',#342,.T.);
#254=FACE_OUTER_BOUND('',#343,.T.);
#255=FACE_OUTER_BOUND('',#344,.T.);
#256=FACE_OUTER_BOUND('',#345,.T.);
#257=FACE_OUTER_BOUND('',#346,.T.);
#258=FACE_OUTER_BOUND('',#347,.T.);
#259=FACE_OUTER_BOUND('',#348,.T.);
#260=FACE_OUTER_BOUND('',#349,.T.);
#261=FACE_OUTER_BOUND('',#350,.T.);
#262=FACE_OUTER_BOUND('',#351,.T.);
#263=FACE_OUTER_BOUND('',#352,.T.);
#264=FACE_OUTER_BOUND('',#353,.T.);
#265=FACE_OUTER_BOUND('',#354,.T.);
#266=FACE_OUTER_BOUND('',#355,.T.);
#267=FACE_OUTER_BOUND('',#356,.T.);
#268=FACE_OUTER_BOUND('',#357,.T.);
#269=FACE_OUTER_BOUND('',#358,.T.);
#270=FACE_OUTER_BOUND('',#359,.T.);
#271=FACE_OUTER_BOUND('',#360,.T.);
#272=FACE_OUTER_BOUND('',#361,.T.);
#273=FACE_OUTER_BOUND('',#362,.T.);
#274=FACE_OUTER_BOUND('',#363,.T.);
#275=FACE_OUTER_BOUND('',#364,.T.);
#276=FACE_OUTER_BOUND('',#365,.T.);
#277=FACE_OUTER_BOUND('',#367,.T.);
#278=FACE_OUTER_BOUND('',#368,.T.);
#279=FACE_OUTER_BOUND('',#369,.T.);
#280=FACE_OUTER_BOUND('',#370,.T.);
#281=FACE_OUTER_BOUND('',#371,.T.);
#282=FACE_OUTER_BOUND('',#372,.T.);
#283=FACE_OUTER_BOUND('',#373,.T.);
#284=FACE_OUTER_BOUND('',#374,.T.);
#285=FACE_OUTER_BOUND('',#375,.T.);
#286=FACE_OUTER_BOUND('',#376,.T.);
#287=FACE_OUTER_BOUND('',#377,.T.);
#288=FACE_OUTER_BOUND('',#378,.T.);
#289=FACE_OUTER_BOUND('',#379,.T.);
#290=FACE_OUTER_BOUND('',#380,.T.);
#291=FACE_OUTER_BOUND('',#381,.T.);
#292=FACE_OUTER_BOUND('',#382,.T.);
#293=FACE_OUTER_BOUND('',#383,.T.);
#294=FACE_OUTER_BOUND('',#384,.T.);
#295=FACE_OUTER_BOUND('',#385,.T.);
#296=FACE_OUTER_BOUND('',#386,.T.);
#297=FACE_OUTER_BOUND('',#387,.T.);
#298=FACE_OUTER_BOUND('',#388,.T.);
#299=FACE_OUTER_BOUND('',#389,.T.);
#300=FACE_OUTER_BOUND('',#390,.T.);
#301=FACE_OUTER_BOUND('',#391,.T.);
#302=FACE_OUTER_BOUND('',#392,.T.);
#303=FACE_OUTER_BOUND('',#393,.T.);
#304=FACE_OUTER_BOUND('',#394,.T.);
#305=FACE_OUTER_BOUND('',#395,.T.);
#306=FACE_OUTER_BOUND('',#396,.T.);
#307=FACE_OUTER_BOUND('',#397,.T.);
#308=FACE_OUTER_BOUND('',#398,.T.);
#309=EDGE_LOOP('',(#1011,#1012,#1013,#1014));
#310=EDGE_LOOP('',(#1015,#1016,#1017,#1018));
#311=EDGE_LOOP('',(#1019,#1020,#1021,#1022));
#312=EDGE_LOOP('',(#1023,#1024,#1025,#1026));
#313=EDGE_LOOP('',(#1027,#1028,#1029,#1030));
#314=EDGE_LOOP('',(#1031,#1032,#1033,#1034));
#315=EDGE_LOOP('',(#1035,#1036,#1037,#1038));
#316=EDGE_LOOP('',(#1039,#1040,#1041,#1042,#1043,#1044));
#317=EDGE_LOOP('',(#1045,#1046,#1047,#1048));
#318=EDGE_LOOP('',(#1049,#1050,#1051,#1052));
#319=EDGE_LOOP('',(#1053,#1054,#1055,#1056));
#320=EDGE_LOOP('',(#1057,#1058,#1059,#1060,#1061,#1062));
#321=EDGE_LOOP('',(#1063,#1064,#1065,#1066));
#322=EDGE_LOOP('',(#1067,#1068,#1069,#1070));
#323=EDGE_LOOP('',(#1071,#1072,#1073,#1074));
#324=EDGE_LOOP('',(#1075,#1076,#1077,#1078));
#325=EDGE_LOOP('',(#1079,#1080,#1081,#1082));
#326=EDGE_LOOP('',(#1083,#1084,#1085,#1086));
#327=EDGE_LOOP('',(#1087,#1088,#1089,#1090));
#328=EDGE_LOOP('',(#1091,#1092,#1093,#1094));
#329=EDGE_LOOP('',(#1095,#1096,#1097,#1098));
#330=EDGE_LOOP('',(#1099));
#331=EDGE_LOOP('',(#1100,#1101,#1102,#1103));
#332=EDGE_LOOP('',(#1104,#1105,#1106,#1107));
#333=EDGE_LOOP('',(#1108,#1109,#1110,#1111));
#334=EDGE_LOOP('',(#1112,#1113,#1114,#1115));
#335=EDGE_LOOP('',(#1116,#1117,#1118,#1119));
#336=EDGE_LOOP('',(#1120,#1121,#1122,#1123));
#337=EDGE_LOOP('',(#1124));
#338=EDGE_LOOP('',(#1125,#1126,#1127,#1128));
#339=EDGE_LOOP('',(#1129));
#340=EDGE_LOOP('',(#1130));
#341=EDGE_LOOP('',(#1131,#1132,#1133,#1134));
#342=EDGE_LOOP('',(#1135,#1136,#1137,#1138));
#343=EDGE_LOOP('',(#1139,#1140,#1141,#1142));
#344=EDGE_LOOP('',(#1143,#1144,#1145,#1146));
#345=EDGE_LOOP('',(#1147,#1148,#1149,#1150));
#346=EDGE_LOOP('',(#1151,#1152,#1153,#1154));
#347=EDGE_LOOP('',(#1155,#1156,#1157,#1158));
#348=EDGE_LOOP('',(#1159,#1160,#1161,#1162));
#349=EDGE_LOOP('',(#1163,#1164,#1165,#1166));
#350=EDGE_LOOP('',(#1167,#1168,#1169,#1170));
#351=EDGE_LOOP('',(#1171,#1172,#1173,#1174));
#352=EDGE_LOOP('',(#1175,#1176,#1177,#1178));
#353=EDGE_LOOP('',(#1179,#1180,#1181,#1182));
#354=EDGE_LOOP('',(#1183,#1184,#1185,#1186));
#355=EDGE_LOOP('',(#1187,#1188,#1189,#1190));
#356=EDGE_LOOP('',(#1191,#1192,#1193,#1194));
#357=EDGE_LOOP('',(#1195,#1196,#1197,#1198));
#358=EDGE_LOOP('',(#1199,#1200,#1201,#1202));
#359=EDGE_LOOP('',(#1203,#1204,#1205,#1206));
#360=EDGE_LOOP('',(#1207,#1208,#1209,#1210));
#361=EDGE_LOOP('',(#1211,#1212,#1213,#1214));
#362=EDGE_LOOP('',(#1215,#1216,#1217,#1218));
#363=EDGE_LOOP('',(#1219,#1220,#1221,#1222));
#364=EDGE_LOOP('',(#1223,#1224,#1225,#1226));
#365=EDGE_LOOP('',(#1227,#1228,#1229,#1230,#1231,#1232));
#366=EDGE_LOOP('',(#1233,#1234,#1235,#1236,#1237,#1238));
#367=EDGE_LOOP('',(#1239,#1240,#1241,#1242,#1243,#1244));
#368=EDGE_LOOP('',(#1245,#1246,#1247,#1248,#1249,#1250));
#369=EDGE_LOOP('',(#1251,#1252,#1253,#1254,#1255,#1256));
#370=EDGE_LOOP('',(#1257,#1258,#1259,#1260,#1261,#1262));
#371=EDGE_LOOP('',(#1263,#1264,#1265,#1266,#1267,#1268));
#372=EDGE_LOOP('',(#1269,#1270,#1271,#1272,#1273,#1274));
#373=EDGE_LOOP('',(#1275,#1276,#1277,#1278));
#374=EDGE_LOOP('',(#1279,#1280,#1281,#1282));
#375=EDGE_LOOP('',(#1283,#1284,#1285,#1286));
#376=EDGE_LOOP('',(#1287,#1288,#1289,#1290));
#377=EDGE_LOOP('',(#1291,#1292,#1293,#1294));
#378=EDGE_LOOP('',(#1295,#1296,#1297,#1298));
#379=EDGE_LOOP('',(#1299,#1300,#1301,#1302,#1303,#1304));
#380=EDGE_LOOP('',(#1305,#1306,#1307,#1308,#1309,#1310));
#381=EDGE_LOOP('',(#1311,#1312,#1313,#1314,#1315,#1316,#1317,#1318));
#382=EDGE_LOOP('',(#1319,#1320,#1321,#1322));
#383=EDGE_LOOP('',(#1323,#1324,#1325,#1326));
#384=EDGE_LOOP('',(#1327,#1328,#1329,#1330));
#385=EDGE_LOOP('',(#1331,#1332,#1333,#1334));
#386=EDGE_LOOP('',(#1335,#1336,#1337,#1338));
#387=EDGE_LOOP('',(#1339,#1340,#1341,#1342));
#388=EDGE_LOOP('',(#1343,#1344,#1345,#1346));
#389=EDGE_LOOP('',(#1347,#1348,#1349,#1350));
#390=EDGE_LOOP('',(#1351,#1352,#1353,#1354,#1355,#1356,#1357,#1358));
#391=EDGE_LOOP('',(#1359,#1360,#1361));
#392=EDGE_LOOP('',(#1362,#1363,#1364,#1365,#1366,#1367,#1368,#1369,#1370));
#393=EDGE_LOOP('',(#1371));
#394=EDGE_LOOP('',(#1372,#1373));
#395=EDGE_LOOP('',(#1374,#1375,#1376,#1377));
#396=EDGE_LOOP('',(#1378));
#397=EDGE_LOOP('',(#1379,#1380,#1381,#1382,#1383,#1384,#1385,#1386));
#398=EDGE_LOOP('',(#1387));
#399=EDGE_LOOP('',(#1388));
#400=LINE('',#2227,#547);
#401=LINE('',#2229,#548);
#402=LINE('',#2231,#549);
#403=LINE('',#2232,#550);
#404=LINE('',#2235,#551);
#405=LINE('',#2237,#552);
#406=LINE('',#2238,#553);
#407=LINE('',#2241,#554);
#408=LINE('',#2243,#555);
#409=LINE('',#2244,#556);
#410=LINE('',#2246,#557);
#411=LINE('',#2247,#558);
#412=LINE('',#2254,#559);
#413=LINE('',#2256,#560);
#414=LINE('',#2258,#561);
#415=LINE('',#2259,#562);
#416=LINE('',#2263,#563);
#417=LINE('',#2265,#564);
#418=LINE('',#2267,#565);
#419=LINE('',#2268,#566);
#420=LINE('',#2269,#567);
#421=LINE('',#2272,#568);
#422=LINE('',#2273,#569);
#423=LINE('',#2276,#570);
#424=LINE('',#2278,#571);
#425=LINE('',#2279,#572);
#426=LINE('',#2281,#573);
#427=LINE('',#2284,#574);
#428=LINE('',#2285,#575);
#429=LINE('',#2287,#576);
#430=LINE('',#2293,#577);
#431=LINE('',#2295,#578);
#432=LINE('',#2297,#579);
#433=LINE('',#2298,#580);
#434=LINE('',#2301,#581);
#435=LINE('',#2303,#582);
#436=LINE('',#2304,#583);
#437=LINE('',#2307,#584);
#438=LINE('',#2309,#585);
#439=LINE('',#2310,#586);
#440=LINE('',#2312,#587);
#441=LINE('',#2313,#588);
#442=LINE('',#2321,#589);
#443=LINE('',#2326,#590);
#444=LINE('',#2328,#591);
#445=LINE('',#2330,#592);
#446=LINE('',#2331,#593);
#447=LINE('',#2334,#594);
#448=LINE('',#2336,#595);
#449=LINE('',#2337,#596);
#450=LINE('',#2340,#597);
#451=LINE('',#2341,#598);
#452=LINE('',#2344,#599);
#453=LINE('',#2345,#600);
#454=LINE('',#2347,#601);
#455=LINE('',#2356,#602);
#456=LINE('',#2364,#603);
#457=LINE('',#2366,#604);
#458=LINE('',#2368,#605);
#459=LINE('',#2369,#606);
#460=LINE('',#2372,#607);
#461=LINE('',#2374,#608);
#462=LINE('',#2375,#609);
#463=LINE('',#2378,#610);
#464=LINE('',#2380,#611);
#465=LINE('',#2381,#612);
#466=LINE('',#2383,#613);
#467=LINE('',#2384,#614);
#468=LINE('',#2392,#615);
#469=LINE('',#2394,#616);
#470=LINE('',#2396,#617);
#471=LINE('',#2397,#618);
#472=LINE('',#2400,#619);
#473=LINE('',#2402,#620);
#474=LINE('',#2403,#621);
#475=LINE('',#2406,#622);
#476=LINE('',#2408,#623);
#477=LINE('',#2409,#624);
#478=LINE('',#2411,#625);
#479=LINE('',#2412,#626);
#480=LINE('',#2419,#627);
#481=LINE('',#2421,#628);
#482=LINE('',#2423,#629);
#483=LINE('',#2424,#630);
#484=LINE('',#2427,#631);
#485=LINE('',#2429,#632);
#486=LINE('',#2430,#633);
#487=LINE('',#2433,#634);
#488=LINE('',#2435,#635);
#489=LINE('',#2436,#636);
#490=LINE('',#2438,#637);
#491=LINE('',#2439,#638);
#492=LINE('',#2446,#639);
#493=LINE('',#2448,#640);
#494=LINE('',#2450,#641);
#495=LINE('',#2451,#642);
#496=LINE('',#2454,#643);
#497=LINE('',#2456,#644);
#498=LINE('',#2457,#645);
#499=LINE('',#2460,#646);
#500=LINE('',#2462,#647);
#501=LINE('',#2463,#648);
#502=LINE('',#2465,#649);
#503=LINE('',#2466,#650);
#504=LINE('',#2473,#651);
#505=LINE('',#2475,#652);
#506=LINE('',#2477,#653);
#507=LINE('',#2479,#654);
#508=LINE('',#2481,#655);
#509=LINE('',#2482,#656);
#510=LINE('',#2485,#657);
#511=LINE('',#2487,#658);
#512=LINE('',#2489,#659);
#513=LINE('',#2491,#660);
#514=LINE('',#2493,#661);
#515=LINE('',#2494,#662);
#516=LINE('',#2721,#663);
#517=LINE('',#2723,#664);
#518=LINE('',#2725,#665);
#519=LINE('',#2726,#666);
#520=LINE('',#2729,#667);
#521=LINE('',#2731,#668);
#522=LINE('',#2732,#669);
#523=LINE('',#2735,#670);
#524=LINE('',#2737,#671);
#525=LINE('',#2738,#672);
#526=LINE('',#2741,#673);
#527=LINE('',#2743,#674);
#528=LINE('',#2744,#675);
#529=LINE('',#2747,#676);
#530=LINE('',#2749,#677);
#531=LINE('',#2750,#678);
#532=LINE('',#2752,#679);
#533=LINE('',#2753,#680);
#534=LINE('',#2803,#681);
#535=LINE('',#2821,#682);
#536=LINE('',#2831,#683);
#537=LINE('',#2845,#684);
#538=LINE('',#2856,#685);
#539=LINE('',#2882,#686);
#540=LINE('',#2896,#687);
#541=LINE('',#2907,#688);
#542=LINE('',#2910,#689);
#543=LINE('',#2911,#690);
#544=LINE('',#2942,#691);
#545=LINE('',#3008,#692);
#546=LINE('',#3013,#693);
#547=VECTOR('',#1828,10.);
#548=VECTOR('',#1829,10.);
#549=VECTOR('',#1830,10.);
#550=VECTOR('',#1831,10.);
#551=VECTOR('',#1834,10.);
#552=VECTOR('',#1835,10.);
#553=VECTOR('',#1836,10.);
#554=VECTOR('',#1839,10.);
#555=VECTOR('',#1840,10.);
#556=VECTOR('',#1841,10.);
#557=VECTOR('',#1844,10.);
#558=VECTOR('',#1845,10.);
#559=VECTOR('',#1854,10.);
#560=VECTOR('',#1855,10.);
#561=VECTOR('',#1856,10.);
#562=VECTOR('',#1857,10.);
#563=VECTOR('',#1860,10.);
#564=VECTOR('',#1861,10.);
#565=VECTOR('',#1862,10.);
#566=VECTOR('',#1863,10.);
#567=VECTOR('',#1864,10.);
#568=VECTOR('',#1867,10.);
#569=VECTOR('',#1868,10.);
#570=VECTOR('',#1871,10.);
#571=VECTOR('',#1872,10.);
#572=VECTOR('',#1873,10.);
#573=VECTOR('',#1876,10.);
#574=VECTOR('',#1879,10.);
#575=VECTOR('',#1880,10.);
#576=VECTOR('',#1883,10.);
#577=VECTOR('',#1890,10.);
#578=VECTOR('',#1891,10.);
#579=VECTOR('',#1892,10.);
#580=VECTOR('',#1893,10.);
#581=VECTOR('',#1896,10.);
#582=VECTOR('',#1897,10.);
#583=VECTOR('',#1898,10.);
#584=VECTOR('',#1901,10.);
#585=VECTOR('',#1902,10.);
#586=VECTOR('',#1903,10.);
#587=VECTOR('',#1906,10.);
#588=VECTOR('',#1907,10.);
#589=VECTOR('',#1918,137.);
#590=VECTOR('',#1923,10.);
#591=VECTOR('',#1924,10.);
#592=VECTOR('',#1925,10.);
#593=VECTOR('',#1926,10.);
#594=VECTOR('',#1929,10.);
#595=VECTOR('',#1930,10.);
#596=VECTOR('',#1931,10.);
#597=VECTOR('',#1934,10.);
#598=VECTOR('',#1935,10.);
#599=VECTOR('',#1938,10.);
#600=VECTOR('',#1939,10.);
#601=VECTOR('',#1942,10.);
#602=VECTOR('',#1955,20.);
#603=VECTOR('',#1966,10.);
#604=VECTOR('',#1967,10.);
#605=VECTOR('',#1968,10.);
#606=VECTOR('',#1969,10.);
#607=VECTOR('',#1972,10.);
#608=VECTOR('',#1973,10.);
#609=VECTOR('',#1974,10.);
#610=VECTOR('',#1977,10.);
#611=VECTOR('',#1978,10.);
#612=VECTOR('',#1979,10.);
#613=VECTOR('',#1982,10.);
#614=VECTOR('',#1983,10.);
#615=VECTOR('',#1994,10.);
#616=VECTOR('',#1995,10.);
#617=VECTOR('',#1996,10.);
#618=VECTOR('',#1997,10.);
#619=VECTOR('',#2000,10.);
#620=VECTOR('',#2001,10.);
#621=VECTOR('',#2002,10.);
#622=VECTOR('',#2005,10.);
#623=VECTOR('',#2006,10.);
#624=VECTOR('',#2007,10.);
#625=VECTOR('',#2010,10.);
#626=VECTOR('',#2011,10.);
#627=VECTOR('',#2020,10.);
#628=VECTOR('',#2021,10.);
#629=VECTOR('',#2022,10.);
#630=VECTOR('',#2023,10.);
#631=VECTOR('',#2026,10.);
#632=VECTOR('',#2027,10.);
#633=VECTOR('',#2028,10.);
#634=VECTOR('',#2031,10.);
#635=VECTOR('',#2032,10.);
#636=VECTOR('',#2033,10.);
#637=VECTOR('',#2036,10.);
#638=VECTOR('',#2037,10.);
#639=VECTOR('',#2046,10.);
#640=VECTOR('',#2047,10.);
#641=VECTOR('',#2048,10.);
#642=VECTOR('',#2049,10.);
#643=VECTOR('',#2052,10.);
#644=VECTOR('',#2053,10.);
#645=VECTOR('',#2054,10.);
#646=VECTOR('',#2057,10.);
#647=VECTOR('',#2058,10.);
#648=VECTOR('',#2059,10.);
#649=VECTOR('',#2062,10.);
#650=VECTOR('',#2063,10.);
#651=VECTOR('',#2072,10.);
#652=VECTOR('',#2073,10.);
#653=VECTOR('',#2074,10.);
#654=VECTOR('',#2075,10.);
#655=VECTOR('',#2076,10.);
#656=VECTOR('',#2077,10.);
#657=VECTOR('',#2078,10.);
#658=VECTOR('',#2079,10.);
#659=VECTOR('',#2080,10.);
#660=VECTOR('',#2081,10.);
#661=VECTOR('',#2082,10.);
#662=VECTOR('',#2083,10.);
#663=VECTOR('',#2088,10.);
#664=VECTOR('',#2089,10.);
#665=VECTOR('',#2090,10.);
#666=VECTOR('',#2091,10.);
#667=VECTOR('',#2094,10.);
#668=VECTOR('',#2095,10.);
#669=VECTOR('',#2096,10.);
#670=VECTOR('',#2099,10.);
#671=VECTOR('',#2100,10.);
#672=VECTOR('',#2101,10.);
#673=VECTOR('',#2104,10.);
#674=VECTOR('',#2105,10.);
#675=VECTOR('',#2106,10.);
#676=VECTOR('',#2109,10.);
#677=VECTOR('',#2110,10.);
#678=VECTOR('',#2111,10.);
#679=VECTOR('',#2114,10.);
#680=VECTOR('',#2115,10.);
#681=VECTOR('',#2126,10.);
#682=VECTOR('',#2127,10.);
#683=VECTOR('',#2128,10.);
#684=VECTOR('',#2129,10.);
#685=VECTOR('',#2130,10.);
#686=VECTOR('',#2131,10.);
#687=VECTOR('',#2132,10.);
#688=VECTOR('',#2133,10.);
#689=VECTOR('',#2136,10.);
#690=VECTOR('',#2137,10.);
#691=VECTOR('',#2154,7.99999937415123);
#692=VECTOR('',#2167,3.75);
#693=VECTOR('',#2174,7.5);
#694=VERTEX_POINT('',#2225);
#695=VERTEX_POINT('',#2226);
#696=VERTEX_POINT('',#2228);
#697=VERTEX_POINT('',#2230);
#698=VERTEX_POINT('',#2234);
#699=VERTEX_POINT('',#2236);
#700=VERTEX_POINT('',#2240);
#701=VERTEX_POINT('',#2242);
#702=VERTEX_POINT('',#2252);
#703=VERTEX_POINT('',#2253);
#704=VERTEX_POINT('',#2255);
#705=VERTEX_POINT('',#2257);
#706=VERTEX_POINT('',#2261);
#707=VERTEX_POINT('',#2262);
#708=VERTEX_POINT('',#2264);
#709=VERTEX_POINT('',#2266);
#710=VERTEX_POINT('',#2271);
#711=VERTEX_POINT('',#2275);
#712=VERTEX_POINT('',#2277);
#713=VERTEX_POINT('',#2283);
#714=VERTEX_POINT('',#2291);
#715=VERTEX_POINT('',#2292);
#716=VERTEX_POINT('',#2294);
#717=VERTEX_POINT('',#2296);
#718=VERTEX_POINT('',#2300);
#719=VERTEX_POINT('',#2302);
#720=VERTEX_POINT('',#2306);
#721=VERTEX_POINT('',#2308);
#722=VERTEX_POINT('',#2318);
#723=VERTEX_POINT('',#2320);
#724=VERTEX_POINT('',#2324);
#725=VERTEX_POINT('',#2325);
#726=VERTEX_POINT('',#2327);
#727=VERTEX_POINT('',#2329);
#728=VERTEX_POINT('',#2333);
#729=VERTEX_POINT('',#2335);
#730=VERTEX_POINT('',#2339);
#731=VERTEX_POINT('',#2343);
#732=VERTEX_POINT('',#2353);
#733=VERTEX_POINT('',#2355);
#734=VERTEX_POINT('',#2362);
#735=VERTEX_POINT('',#2363);
#736=VERTEX_POINT('',#2365);
#737=VERTEX_POINT('',#2367);
#738=VERTEX_POINT('',#2371);
#739=VERTEX_POINT('',#2373);
#740=VERTEX_POINT('',#2377);
#741=VERTEX_POINT('',#2379);
#742=VERTEX_POINT('',#2390);
#743=VERTEX_POINT('',#2391);
#744=VERTEX_POINT('',#2393);
#745=VERTEX_POINT('',#2395);
#746=VERTEX_POINT('',#2399);
#747=VERTEX_POINT('',#2401);
#748=VERTEX_POINT('',#2405);
#749=VERTEX_POINT('',#2407);
#750=VERTEX_POINT('',#2417);
#751=VERTEX_POINT('',#2418);
#752=VERTEX_POINT('',#2420);
#753=VERTEX_POINT('',#2422);
#754=VERTEX_POINT('',#2426);
#755=VERTEX_POINT('',#2428);
#756=VERTEX_POINT('',#2432);
#757=VERTEX_POINT('',#2434);
#758=VERTEX_POINT('',#2444);
#759=VERTEX_POINT('',#2445);
#760=VERTEX_POINT('',#2447);
#761=VERTEX_POINT('',#2449);
#762=VERTEX_POINT('',#2453);
#763=VERTEX_POINT('',#2455);
#764=VERTEX_POINT('',#2459);
#765=VERTEX_POINT('',#2461);
#766=VERTEX_POINT('',#2471);
#767=VERTEX_POINT('',#2472);
#768=VERTEX_POINT('',#2474);
#769=VERTEX_POINT('',#2476);
#770=VERTEX_POINT('',#2478);
#771=VERTEX_POINT('',#2480);
#772=VERTEX_POINT('',#2483);
#773=VERTEX_POINT('',#2484);
#774=VERTEX_POINT('',#2486);
#775=VERTEX_POINT('',#2488);
#776=VERTEX_POINT('',#2490);
#777=VERTEX_POINT('',#2492);
#778=VERTEX_POINT('',#2523);
#779=VERTEX_POINT('',#2532);
#780=VERTEX_POINT('',#2569);
#781=VERTEX_POINT('',#2606);
#782=VERTEX_POINT('',#2643);
#783=VERTEX_POINT('',#2680);
#784=VERTEX_POINT('',#2719);
#785=VERTEX_POINT('',#2720);
#786=VERTEX_POINT('',#2722);
#787=VERTEX_POINT('',#2724);
#788=VERTEX_POINT('',#2728);
#789=VERTEX_POINT('',#2730);
#790=VERTEX_POINT('',#2734);
#791=VERTEX_POINT('',#2736);
#792=VERTEX_POINT('',#2740);
#793=VERTEX_POINT('',#2742);
#794=VERTEX_POINT('',#2746);
#795=VERTEX_POINT('',#2748);
#796=VERTEX_POINT('',#2759);
#797=VERTEX_POINT('',#2760);
#798=VERTEX_POINT('',#2767);
#799=VERTEX_POINT('',#2776);
#800=VERTEX_POINT('',#2781);
#801=VERTEX_POINT('',#2785);
#802=VERTEX_POINT('',#2794);
#803=VERTEX_POINT('',#2799);
#804=VERTEX_POINT('',#2820);
#805=VERTEX_POINT('',#2822);
#806=VERTEX_POINT('',#2840);
#807=VERTEX_POINT('',#2852);
#808=VERTEX_POINT('',#2873);
#809=VERTEX_POINT('',#2891);
#810=VERTEX_POINT('',#2903);
#811=VERTEX_POINT('',#2909);
#812=VERTEX_POINT('',#2933);
#813=VERTEX_POINT('',#2934);
#814=VERTEX_POINT('',#2936);
#815=VERTEX_POINT('',#2940);
#816=VERTEX_POINT('',#2943);
#817=VERTEX_POINT('',#2948);
#818=VERTEX_POINT('',#2981);
#819=VERTEX_POINT('',#3005);
#820=VERTEX_POINT('',#3007);
#821=VERTEX_POINT('',#3012);
#822=EDGE_CURVE('',#694,#695,#400,.T.);
#823=EDGE_CURVE('',#694,#696,#401,.T.);
#824=EDGE_CURVE('',#697,#696,#402,.T.);
#825=EDGE_CURVE('',#695,#697,#403,.T.);
#826=EDGE_CURVE('',#695,#698,#404,.T.);
#827=EDGE_CURVE('',#699,#697,#405,.T.);
#828=EDGE_CURVE('',#698,#699,#406,.T.);
#829=EDGE_CURVE('',#698,#700,#407,.T.);
#830=EDGE_CURVE('',#701,#699,#408,.T.);
#831=EDGE_CURVE('',#700,#701,#409,.T.);
#832=EDGE_CURVE('',#700,#694,#410,.T.);
#833=EDGE_CURVE('',#696,#701,#411,.T.);
#834=EDGE_CURVE('',#702,#703,#412,.T.);
#835=EDGE_CURVE('',#703,#704,#413,.T.);
#836=EDGE_CURVE('',#704,#705,#414,.T.);
#837=EDGE_CURVE('',#705,#702,#415,.T.);
#838=EDGE_CURVE('',#706,#707,#416,.T.);
#839=EDGE_CURVE('',#708,#706,#417,.T.);
#840=EDGE_CURVE('',#709,#708,#418,.T.);
#841=EDGE_CURVE('',#704,#709,#419,.T.);
#842=EDGE_CURVE('',#707,#703,#420,.T.);
#843=EDGE_CURVE('',#707,#710,#421,.T.);
#844=EDGE_CURVE('',#710,#702,#422,.T.);
#845=EDGE_CURVE('',#708,#711,#423,.T.);
#846=EDGE_CURVE('',#712,#711,#424,.T.);
#847=EDGE_CURVE('',#709,#712,#425,.T.);
#848=EDGE_CURVE('',#705,#712,#426,.T.);
#849=EDGE_CURVE('',#710,#713,#427,.T.);
#850=EDGE_CURVE('',#711,#713,#428,.T.);
#851=EDGE_CURVE('',#713,#706,#429,.T.);
#852=EDGE_CURVE('',#714,#715,#430,.T.);
#853=EDGE_CURVE('',#715,#716,#431,.T.);
#854=EDGE_CURVE('',#717,#716,#432,.T.);
#855=EDGE_CURVE('',#714,#717,#433,.T.);
#856=EDGE_CURVE('',#718,#714,#434,.T.);
#857=EDGE_CURVE('',#719,#717,#435,.T.);
#858=EDGE_CURVE('',#718,#719,#436,.T.);
#859=EDGE_CURVE('',#720,#718,#437,.T.);
#860=EDGE_CURVE('',#721,#719,#438,.T.);
#861=EDGE_CURVE('',#720,#721,#439,.T.);
#862=EDGE_CURVE('',#715,#720,#440,.T.);
#863=EDGE_CURVE('',#716,#721,#441,.T.);
#864=EDGE_CURVE('',#722,#722,#149,.T.);
#865=EDGE_CURVE('',#722,#723,#442,.T.);
#866=EDGE_CURVE('',#723,#723,#150,.T.);
#867=EDGE_CURVE('',#724,#725,#443,.T.);
#868=EDGE_CURVE('',#726,#724,#444,.T.);
#869=EDGE_CURVE('',#727,#726,#445,.T.);
#870=EDGE_CURVE('',#725,#727,#446,.T.);
#871=EDGE_CURVE('',#726,#728,#447,.T.);
#872=EDGE_CURVE('',#729,#728,#448,.T.);
#873=EDGE_CURVE('',#727,#729,#449,.T.);
#874=EDGE_CURVE('',#724,#730,#450,.T.);
#875=EDGE_CURVE('',#728,#730,#451,.T.);
#876=EDGE_CURVE('',#731,#729,#452,.T.);
#877=EDGE_CURVE('',#725,#731,#453,.T.);
#878=EDGE_CURVE('',#730,#731,#454,.T.);
#879=EDGE_CURVE('',#732,#732,#151,.T.);
#880=EDGE_CURVE('',#732,#733,#455,.T.);
#881=EDGE_CURVE('',#733,#733,#152,.T.);
#882=EDGE_CURVE('',#734,#735,#456,.T.);
#883=EDGE_CURVE('',#735,#736,#457,.T.);
#884=EDGE_CURVE('',#737,#736,#458,.T.);
#885=EDGE_CURVE('',#734,#737,#459,.T.);
#886=EDGE_CURVE('',#738,#734,#460,.T.);
#887=EDGE_CURVE('',#739,#737,#461,.T.);
#888=EDGE_CURVE('',#738,#739,#462,.T.);
#889=EDGE_CURVE('',#740,#738,#463,.T.);
#890=EDGE_CURVE('',#741,#739,#464,.T.);
#891=EDGE_CURVE('',#740,#741,#465,.T.);
#892=EDGE_CURVE('',#735,#740,#466,.T.);
#893=EDGE_CURVE('',#736,#741,#467,.T.);
#894=EDGE_CURVE('',#742,#743,#468,.T.);
#895=EDGE_CURVE('',#743,#744,#469,.T.);
#896=EDGE_CURVE('',#744,#745,#470,.T.);
#897=EDGE_CURVE('',#742,#745,#471,.T.);
#898=EDGE_CURVE('',#743,#746,#472,.T.);
#899=EDGE_CURVE('',#746,#747,#473,.T.);
#900=EDGE_CURVE('',#747,#744,#474,.T.);
#901=EDGE_CURVE('',#746,#748,#475,.T.);
#902=EDGE_CURVE('',#748,#749,#476,.T.);
#903=EDGE_CURVE('',#749,#747,#477,.T.);
#904=EDGE_CURVE('',#748,#742,#478,.T.);
#905=EDGE_CURVE('',#745,#749,#479,.T.);
#906=EDGE_CURVE('',#750,#751,#480,.T.);
#907=EDGE_CURVE('',#751,#752,#481,.T.);
#908=EDGE_CURVE('',#752,#753,#482,.T.);
#909=EDGE_CURVE('',#750,#753,#483,.T.);
#910=EDGE_CURVE('',#751,#754,#484,.T.);
#911=EDGE_CURVE('',#754,#755,#485,.T.);
#912=EDGE_CURVE('',#755,#752,#486,.T.);
#913=EDGE_CURVE('',#754,#756,#487,.T.);
#914=EDGE_CURVE('',#756,#757,#488,.T.);
#915=EDGE_CURVE('',#757,#755,#489,.T.);
#916=EDGE_CURVE('',#756,#750,#490,.T.);
#917=EDGE_CURVE('',#753,#757,#491,.T.);
#918=EDGE_CURVE('',#758,#759,#492,.T.);
#919=EDGE_CURVE('',#758,#760,#493,.T.);
#920=EDGE_CURVE('',#761,#760,#494,.T.);
#921=EDGE_CURVE('',#759,#761,#495,.T.);
#922=EDGE_CURVE('',#759,#762,#496,.T.);
#923=EDGE_CURVE('',#763,#761,#497,.T.);
#924=EDGE_CURVE('',#762,#763,#498,.T.);
#925=EDGE_CURVE('',#762,#764,#499,.T.);
#926=EDGE_CURVE('',#765,#763,#500,.T.);
#927=EDGE_CURVE('',#764,#765,#501,.T.);
#928=EDGE_CURVE('',#764,#758,#502,.T.);
#929=EDGE_CURVE('',#760,#765,#503,.T.);
#930=EDGE_CURVE('',#766,#767,#504,.T.);
#931=EDGE_CURVE('',#767,#768,#505,.T.);
#932=EDGE_CURVE('',#768,#769,#506,.T.);
#933=EDGE_CURVE('',#769,#770,#507,.T.);
#934=EDGE_CURVE('',#770,#771,#508,.T.);
#935=EDGE_CURVE('',#771,#766,#509,.T.);
#936=EDGE_CURVE('',#772,#773,#510,.T.);
#937=EDGE_CURVE('',#773,#774,#511,.T.);
#938=EDGE_CURVE('',#774,#775,#512,.T.);
#939=EDGE_CURVE('',#775,#776,#513,.T.);
#940=EDGE_CURVE('',#776,#777,#514,.T.);
#941=EDGE_CURVE('',#777,#772,#515,.T.);
#942=EDGE_CURVE('',#767,#778,#37,.T.);
#943=EDGE_CURVE('',#778,#772,#38,.T.);
#944=EDGE_CURVE('',#779,#777,#39,.T.);
#945=EDGE_CURVE('',#768,#779,#40,.T.);
#946=EDGE_CURVE('',#780,#776,#41,.T.);
#947=EDGE_CURVE('',#769,#780,#42,.T.);
#948=EDGE_CURVE('',#781,#775,#43,.T.);
#949=EDGE_CURVE('',#770,#781,#44,.T.);
#950=EDGE_CURVE('',#782,#774,#45,.T.);
#951=EDGE_CURVE('',#771,#782,#46,.T.);
#952=EDGE_CURVE('',#783,#773,#47,.T.);
#953=EDGE_CURVE('',#766,#783,#48,.T.);
#954=EDGE_CURVE('',#784,#785,#516,.T.);
#955=EDGE_CURVE('',#785,#786,#517,.T.);
#956=EDGE_CURVE('',#787,#786,#518,.T.);
#957=EDGE_CURVE('',#784,#787,#519,.T.);
#958=EDGE_CURVE('',#788,#784,#520,.T.);
#959=EDGE_CURVE('',#789,#787,#521,.T.);
#960=EDGE_CURVE('',#788,#789,#522,.T.);
#961=EDGE_CURVE('',#790,#788,#523,.T.);
#962=EDGE_CURVE('',#791,#789,#524,.T.);
#963=EDGE_CURVE('',#790,#791,#525,.T.);
#964=EDGE_CURVE('',#792,#790,#526,.T.);
#965=EDGE_CURVE('',#793,#791,#527,.T.);
#966=EDGE_CURVE('',#792,#793,#528,.T.);
#967=EDGE_CURVE('',#794,#792,#529,.T.);
#968=EDGE_CURVE('',#795,#793,#530,.T.);
#969=EDGE_CURVE('',#794,#795,#531,.T.);
#970=EDGE_CURVE('',#785,#794,#532,.T.);
#971=EDGE_CURVE('',#786,#795,#533,.T.);
#972=EDGE_CURVE('',#796,#797,#23,.T.);
#973=EDGE_CURVE('',#797,#798,#24,.T.);
#974=EDGE_CURVE('',#798,#799,#25,.T.);
#975=EDGE_CURVE('',#799,#800,#26,.T.);
#976=EDGE_CURVE('',#800,#801,#27,.T.);
#977=EDGE_CURVE('',#801,#802,#28,.T.);
#978=EDGE_CURVE('',#802,#803,#29,.T.);
#979=EDGE_CURVE('',#803,#796,#534,.T.);
#980=EDGE_CURVE('',#804,#797,#535,.T.);
#981=EDGE_CURVE('',#805,#804,#30,.T.);
#982=EDGE_CURVE('',#798,#805,#536,.T.);
#983=EDGE_CURVE('',#806,#805,#31,.T.);
#984=EDGE_CURVE('',#799,#806,#537,.T.);
#985=EDGE_CURVE('',#807,#806,#32,.T.);
#986=EDGE_CURVE('',#800,#807,#538,.T.);
#987=EDGE_CURVE('',#808,#807,#33,.T.);
#988=EDGE_CURVE('',#801,#808,#539,.T.);
#989=EDGE_CURVE('',#809,#808,#34,.T.);
#990=EDGE_CURVE('',#802,#809,#540,.T.);
#991=EDGE_CURVE('',#810,#809,#35,.T.);
#992=EDGE_CURVE('',#803,#810,#541,.T.);
#993=EDGE_CURVE('',#811,#810,#542,.T.);
#994=EDGE_CURVE('',#796,#811,#543,.T.);
#995=EDGE_CURVE('',#804,#811,#36,.T.);
#996=EDGE_CURVE('',#812,#813,#14,.T.);
#997=EDGE_CURVE('',#814,#812,#153,.T.);
#998=EDGE_CURVE('',#813,#814,#154,.T.);
#999=EDGE_CURVE('',#815,#815,#155,.T.);
#1000=EDGE_CURVE('',#815,#814,#544,.T.);
#1001=EDGE_CURVE('',#816,#812,#49,.T.);
#1002=EDGE_CURVE('',#817,#816,#50,.T.);
#1003=EDGE_CURVE('',#818,#817,#15,.T.);
#1004=EDGE_CURVE('',#813,#818,#51,.T.);
#1005=EDGE_CURVE('',#817,#818,#156,.T.);
#1006=EDGE_CURVE('',#819,#819,#157,.T.);
#1007=EDGE_CURVE('',#819,#820,#545,.T.);
#1008=EDGE_CURVE('',#820,#820,#158,.T.);
#1009=EDGE_CURVE('',#816,#821,#546,.T.);
#1010=EDGE_CURVE('',#821,#821,#159,.T.);
#1011=ORIENTED_EDGE('',*,*,#822,.F.);
#1012=ORIENTED_EDGE('',*,*,#823,.T.);
#1013=ORIENTED_EDGE('',*,*,#824,.F.);
#1014=ORIENTED_EDGE('',*,*,#825,.F.);
#1015=ORIENTED_EDGE('',*,*,#826,.F.);
#1016=ORIENTED_EDGE('',*,*,#825,.T.);
#1017=ORIENTED_EDGE('',*,*,#827,.F.);
#1018=ORIENTED_EDGE('',*,*,#828,.F.);
#1019=ORIENTED_EDGE('',*,*,#829,.F.);
#1020=ORIENTED_EDGE('',*,*,#828,.T.);
#1021=ORIENTED_EDGE('',*,*,#830,.F.);
#1022=ORIENTED_EDGE('',*,*,#831,.F.);
#1023=ORIENTED_EDGE('',*,*,#832,.F.);
#1024=ORIENTED_EDGE('',*,*,#831,.T.);
#1025=ORIENTED_EDGE('',*,*,#833,.F.);
#1026=ORIENTED_EDGE('',*,*,#823,.F.);
#1027=ORIENTED_EDGE('',*,*,#833,.T.);
#1028=ORIENTED_EDGE('',*,*,#830,.T.);
#1029=ORIENTED_EDGE('',*,*,#827,.T.);
#1030=ORIENTED_EDGE('',*,*,#824,.T.);
#1031=ORIENTED_EDGE('',*,*,#832,.T.);
#1032=ORIENTED_EDGE('',*,*,#822,.T.);
#1033=ORIENTED_EDGE('',*,*,#826,.T.);
#1034=ORIENTED_EDGE('',*,*,#829,.T.);
#1035=ORIENTED_EDGE('',*,*,#834,.T.);
#1036=ORIENTED_EDGE('',*,*,#835,.T.);
#1037=ORIENTED_EDGE('',*,*,#836,.T.);
#1038=ORIENTED_EDGE('',*,*,#837,.T.);
#1039=ORIENTED_EDGE('',*,*,#838,.F.);
#1040=ORIENTED_EDGE('',*,*,#839,.F.);
#1041=ORIENTED_EDGE('',*,*,#840,.F.);
#1042=ORIENTED_EDGE('',*,*,#841,.F.);
#1043=ORIENTED_EDGE('',*,*,#835,.F.);
#1044=ORIENTED_EDGE('',*,*,#842,.F.);
#1045=ORIENTED_EDGE('',*,*,#843,.F.);
#1046=ORIENTED_EDGE('',*,*,#842,.T.);
#1047=ORIENTED_EDGE('',*,*,#834,.F.);
#1048=ORIENTED_EDGE('',*,*,#844,.F.);
#1049=ORIENTED_EDGE('',*,*,#840,.T.);
#1050=ORIENTED_EDGE('',*,*,#845,.T.);
#1051=ORIENTED_EDGE('',*,*,#846,.F.);
#1052=ORIENTED_EDGE('',*,*,#847,.F.);
#1053=ORIENTED_EDGE('',*,*,#836,.F.);
#1054=ORIENTED_EDGE('',*,*,#841,.T.);
#1055=ORIENTED_EDGE('',*,*,#847,.T.);
#1056=ORIENTED_EDGE('',*,*,#848,.F.);
#1057=ORIENTED_EDGE('',*,*,#849,.F.);
#1058=ORIENTED_EDGE('',*,*,#844,.T.);
#1059=ORIENTED_EDGE('',*,*,#837,.F.);
#1060=ORIENTED_EDGE('',*,*,#848,.T.);
#1061=ORIENTED_EDGE('',*,*,#846,.T.);
#1062=ORIENTED_EDGE('',*,*,#850,.T.);
#1063=ORIENTED_EDGE('',*,*,#851,.F.);
#1064=ORIENTED_EDGE('',*,*,#850,.F.);
#1065=ORIENTED_EDGE('',*,*,#845,.F.);
#1066=ORIENTED_EDGE('',*,*,#839,.T.);
#1067=ORIENTED_EDGE('',*,*,#849,.T.);
#1068=ORIENTED_EDGE('',*,*,#851,.T.);
#1069=ORIENTED_EDGE('',*,*,#838,.T.);
#1070=ORIENTED_EDGE('',*,*,#843,.T.);
#1071=ORIENTED_EDGE('',*,*,#852,.T.);
#1072=ORIENTED_EDGE('',*,*,#853,.T.);
#1073=ORIENTED_EDGE('',*,*,#854,.F.);
#1074=ORIENTED_EDGE('',*,*,#855,.F.);
#1075=ORIENTED_EDGE('',*,*,#856,.T.);
#1076=ORIENTED_EDGE('',*,*,#855,.T.);
#1077=ORIENTED_EDGE('',*,*,#857,.F.);
#1078=ORIENTED_EDGE('',*,*,#858,.F.);
#1079=ORIENTED_EDGE('',*,*,#859,.T.);
#1080=ORIENTED_EDGE('',*,*,#858,.T.);
#1081=ORIENTED_EDGE('',*,*,#860,.F.);
#1082=ORIENTED_EDGE('',*,*,#861,.F.);
#1083=ORIENTED_EDGE('',*,*,#862,.T.);
#1084=ORIENTED_EDGE('',*,*,#861,.T.);
#1085=ORIENTED_EDGE('',*,*,#863,.F.);
#1086=ORIENTED_EDGE('',*,*,#853,.F.);
#1087=ORIENTED_EDGE('',*,*,#863,.T.);
#1088=ORIENTED_EDGE('',*,*,#860,.T.);
#1089=ORIENTED_EDGE('',*,*,#857,.T.);
#1090=ORIENTED_EDGE('',*,*,#854,.T.);
#1091=ORIENTED_EDGE('',*,*,#862,.F.);
#1092=ORIENTED_EDGE('',*,*,#852,.F.);
#1093=ORIENTED_EDGE('',*,*,#856,.F.);
#1094=ORIENTED_EDGE('',*,*,#859,.F.);
#1095=ORIENTED_EDGE('',*,*,#864,.F.);
#1096=ORIENTED_EDGE('',*,*,#865,.T.);
#1097=ORIENTED_EDGE('',*,*,#866,.F.);
#1098=ORIENTED_EDGE('',*,*,#865,.F.);
#1099=ORIENTED_EDGE('',*,*,#864,.T.);
#1100=ORIENTED_EDGE('',*,*,#867,.F.);
#1101=ORIENTED_EDGE('',*,*,#868,.F.);
#1102=ORIENTED_EDGE('',*,*,#869,.F.);
#1103=ORIENTED_EDGE('',*,*,#870,.F.);
#1104=ORIENTED_EDGE('',*,*,#869,.T.);
#1105=ORIENTED_EDGE('',*,*,#871,.T.);
#1106=ORIENTED_EDGE('',*,*,#872,.F.);
#1107=ORIENTED_EDGE('',*,*,#873,.F.);
#1108=ORIENTED_EDGE('',*,*,#868,.T.);
#1109=ORIENTED_EDGE('',*,*,#874,.T.);
#1110=ORIENTED_EDGE('',*,*,#875,.F.);
#1111=ORIENTED_EDGE('',*,*,#871,.F.);
#1112=ORIENTED_EDGE('',*,*,#870,.T.);
#1113=ORIENTED_EDGE('',*,*,#873,.T.);
#1114=ORIENTED_EDGE('',*,*,#876,.F.);
#1115=ORIENTED_EDGE('',*,*,#877,.F.);
#1116=ORIENTED_EDGE('',*,*,#867,.T.);
#1117=ORIENTED_EDGE('',*,*,#877,.T.);
#1118=ORIENTED_EDGE('',*,*,#878,.F.);
#1119=ORIENTED_EDGE('',*,*,#874,.F.);
#1120=ORIENTED_EDGE('',*,*,#875,.T.);
#1121=ORIENTED_EDGE('',*,*,#878,.T.);
#1122=ORIENTED_EDGE('',*,*,#876,.T.);
#1123=ORIENTED_EDGE('',*,*,#872,.T.);
#1124=ORIENTED_EDGE('',*,*,#866,.T.);
#1125=ORIENTED_EDGE('',*,*,#879,.F.);
#1126=ORIENTED_EDGE('',*,*,#880,.T.);
#1127=ORIENTED_EDGE('',*,*,#881,.T.);
#1128=ORIENTED_EDGE('',*,*,#880,.F.);
#1129=ORIENTED_EDGE('',*,*,#879,.T.);
#1130=ORIENTED_EDGE('',*,*,#881,.F.);
#1131=ORIENTED_EDGE('',*,*,#882,.T.);
#1132=ORIENTED_EDGE('',*,*,#883,.T.);
#1133=ORIENTED_EDGE('',*,*,#884,.F.);
#1134=ORIENTED_EDGE('',*,*,#885,.F.);
#1135=ORIENTED_EDGE('',*,*,#886,.T.);
#1136=ORIENTED_EDGE('',*,*,#885,.T.);
#1137=ORIENTED_EDGE('',*,*,#887,.F.);
#1138=ORIENTED_EDGE('',*,*,#888,.F.);
#1139=ORIENTED_EDGE('',*,*,#889,.T.);
#1140=ORIENTED_EDGE('',*,*,#888,.T.);
#1141=ORIENTED_EDGE('',*,*,#890,.F.);
#1142=ORIENTED_EDGE('',*,*,#891,.F.);
#1143=ORIENTED_EDGE('',*,*,#892,.T.);
#1144=ORIENTED_EDGE('',*,*,#891,.T.);
#1145=ORIENTED_EDGE('',*,*,#893,.F.);
#1146=ORIENTED_EDGE('',*,*,#883,.F.);
#1147=ORIENTED_EDGE('',*,*,#893,.T.);
#1148=ORIENTED_EDGE('',*,*,#890,.T.);
#1149=ORIENTED_EDGE('',*,*,#887,.T.);
#1150=ORIENTED_EDGE('',*,*,#884,.T.);
#1151=ORIENTED_EDGE('',*,*,#892,.F.);
#1152=ORIENTED_EDGE('',*,*,#882,.F.);
#1153=ORIENTED_EDGE('',*,*,#886,.F.);
#1154=ORIENTED_EDGE('',*,*,#889,.F.);
#1155=ORIENTED_EDGE('',*,*,#894,.T.);
#1156=ORIENTED_EDGE('',*,*,#895,.T.);
#1157=ORIENTED_EDGE('',*,*,#896,.T.);
#1158=ORIENTED_EDGE('',*,*,#897,.F.);
#1159=ORIENTED_EDGE('',*,*,#898,.T.);
#1160=ORIENTED_EDGE('',*,*,#899,.T.);
#1161=ORIENTED_EDGE('',*,*,#900,.T.);
#1162=ORIENTED_EDGE('',*,*,#895,.F.);
#1163=ORIENTED_EDGE('',*,*,#901,.T.);
#1164=ORIENTED_EDGE('',*,*,#902,.T.);
#1165=ORIENTED_EDGE('',*,*,#903,.T.);
#1166=ORIENTED_EDGE('',*,*,#899,.F.);
#1167=ORIENTED_EDGE('',*,*,#904,.T.);
#1168=ORIENTED_EDGE('',*,*,#897,.T.);
#1169=ORIENTED_EDGE('',*,*,#905,.T.);
#1170=ORIENTED_EDGE('',*,*,#902,.F.);
#1171=ORIENTED_EDGE('',*,*,#905,.F.);
#1172=ORIENTED_EDGE('',*,*,#896,.F.);
#1173=ORIENTED_EDGE('',*,*,#900,.F.);
#1174=ORIENTED_EDGE('',*,*,#903,.F.);
#1175=ORIENTED_EDGE('',*,*,#904,.F.);
#1176=ORIENTED_EDGE('',*,*,#901,.F.);
#1177=ORIENTED_EDGE('',*,*,#898,.F.);
#1178=ORIENTED_EDGE('',*,*,#894,.F.);
#1179=ORIENTED_EDGE('',*,*,#906,.T.);
#1180=ORIENTED_EDGE('',*,*,#907,.T.);
#1181=ORIENTED_EDGE('',*,*,#908,.T.);
#1182=ORIENTED_EDGE('',*,*,#909,.F.);
#1183=ORIENTED_EDGE('',*,*,#910,.T.);
#1184=ORIENTED_EDGE('',*,*,#911,.T.);
#1185=ORIENTED_EDGE('',*,*,#912,.T.);
#1186=ORIENTED_EDGE('',*,*,#907,.F.);
#1187=ORIENTED_EDGE('',*,*,#913,.T.);
#1188=ORIENTED_EDGE('',*,*,#914,.T.);
#1189=ORIENTED_EDGE('',*,*,#915,.T.);
#1190=ORIENTED_EDGE('',*,*,#911,.F.);
#1191=ORIENTED_EDGE('',*,*,#916,.T.);
#1192=ORIENTED_EDGE('',*,*,#909,.T.);
#1193=ORIENTED_EDGE('',*,*,#917,.T.);
#1194=ORIENTED_EDGE('',*,*,#914,.F.);
#1195=ORIENTED_EDGE('',*,*,#917,.F.);
#1196=ORIENTED_EDGE('',*,*,#908,.F.);
#1197=ORIENTED_EDGE('',*,*,#912,.F.);
#1198=ORIENTED_EDGE('',*,*,#915,.F.);
#1199=ORIENTED_EDGE('',*,*,#916,.F.);
#1200=ORIENTED_EDGE('',*,*,#913,.F.);
#1201=ORIENTED_EDGE('',*,*,#910,.F.);
#1202=ORIENTED_EDGE('',*,*,#906,.F.);
#1203=ORIENTED_EDGE('',*,*,#918,.F.);
#1204=ORIENTED_EDGE('',*,*,#919,.T.);
#1205=ORIENTED_EDGE('',*,*,#920,.F.);
#1206=ORIENTED_EDGE('',*,*,#921,.F.);
#1207=ORIENTED_EDGE('',*,*,#922,.F.);
#1208=ORIENTED_EDGE('',*,*,#921,.T.);
#1209=ORIENTED_EDGE('',*,*,#923,.F.);
#1210=ORIENTED_EDGE('',*,*,#924,.F.);
#1211=ORIENTED_EDGE('',*,*,#925,.F.);
#1212=ORIENTED_EDGE('',*,*,#924,.T.);
#1213=ORIENTED_EDGE('',*,*,#926,.F.);
#1214=ORIENTED_EDGE('',*,*,#927,.F.);
#1215=ORIENTED_EDGE('',*,*,#928,.F.);
#1216=ORIENTED_EDGE('',*,*,#927,.T.);
#1217=ORIENTED_EDGE('',*,*,#929,.F.);
#1218=ORIENTED_EDGE('',*,*,#919,.F.);
#1219=ORIENTED_EDGE('',*,*,#929,.T.);
#1220=ORIENTED_EDGE('',*,*,#926,.T.);
#1221=ORIENTED_EDGE('',*,*,#923,.T.);
#1222=ORIENTED_EDGE('',*,*,#920,.T.);
#1223=ORIENTED_EDGE('',*,*,#928,.T.);
#1224=ORIENTED_EDGE('',*,*,#918,.T.);
#1225=ORIENTED_EDGE('',*,*,#922,.T.);
#1226=ORIENTED_EDGE('',*,*,#925,.T.);
#1227=ORIENTED_EDGE('',*,*,#930,.T.);
#1228=ORIENTED_EDGE('',*,*,#931,.T.);
#1229=ORIENTED_EDGE('',*,*,#932,.T.);
#1230=ORIENTED_EDGE('',*,*,#933,.T.);
#1231=ORIENTED_EDGE('',*,*,#934,.T.);
#1232=ORIENTED_EDGE('',*,*,#935,.T.);
#1233=ORIENTED_EDGE('',*,*,#936,.T.);
#1234=ORIENTED_EDGE('',*,*,#937,.T.);
#1235=ORIENTED_EDGE('',*,*,#938,.T.);
#1236=ORIENTED_EDGE('',*,*,#939,.T.);
#1237=ORIENTED_EDGE('',*,*,#940,.T.);
#1238=ORIENTED_EDGE('',*,*,#941,.T.);
#1239=ORIENTED_EDGE('',*,*,#931,.F.);
#1240=ORIENTED_EDGE('',*,*,#942,.T.);
#1241=ORIENTED_EDGE('',*,*,#943,.T.);
#1242=ORIENTED_EDGE('',*,*,#941,.F.);
#1243=ORIENTED_EDGE('',*,*,#944,.F.);
#1244=ORIENTED_EDGE('',*,*,#945,.F.);
#1245=ORIENTED_EDGE('',*,*,#932,.F.);
#1246=ORIENTED_EDGE('',*,*,#945,.T.);
#1247=ORIENTED_EDGE('',*,*,#944,.T.);
#1248=ORIENTED_EDGE('',*,*,#940,.F.);
#1249=ORIENTED_EDGE('',*,*,#946,.F.);
#1250=ORIENTED_EDGE('',*,*,#947,.F.);
#1251=ORIENTED_EDGE('',*,*,#933,.F.);
#1252=ORIENTED_EDGE('',*,*,#947,.T.);
#1253=ORIENTED_EDGE('',*,*,#946,.T.);
#1254=ORIENTED_EDGE('',*,*,#939,.F.);
#1255=ORIENTED_EDGE('',*,*,#948,.F.);
#1256=ORIENTED_EDGE('',*,*,#949,.F.);
#1257=ORIENTED_EDGE('',*,*,#934,.F.);
#1258=ORIENTED_EDGE('',*,*,#949,.T.);
#1259=ORIENTED_EDGE('',*,*,#948,.T.);
#1260=ORIENTED_EDGE('',*,*,#938,.F.);
#1261=ORIENTED_EDGE('',*,*,#950,.F.);
#1262=ORIENTED_EDGE('',*,*,#951,.F.);
#1263=ORIENTED_EDGE('',*,*,#935,.F.);
#1264=ORIENTED_EDGE('',*,*,#951,.T.);
#1265=ORIENTED_EDGE('',*,*,#950,.T.);
#1266=ORIENTED_EDGE('',*,*,#937,.F.);
#1267=ORIENTED_EDGE('',*,*,#952,.F.);
#1268=ORIENTED_EDGE('',*,*,#953,.F.);
#1269=ORIENTED_EDGE('',*,*,#930,.F.);
#1270=ORIENTED_EDGE('',*,*,#953,.T.);
#1271=ORIENTED_EDGE('',*,*,#952,.T.);
#1272=ORIENTED_EDGE('',*,*,#936,.F.);
#1273=ORIENTED_EDGE('',*,*,#943,.F.);
#1274=ORIENTED_EDGE('',*,*,#942,.F.);
#1275=ORIENTED_EDGE('',*,*,#954,.T.);
#1276=ORIENTED_EDGE('',*,*,#955,.T.);
#1277=ORIENTED_EDGE('',*,*,#956,.F.);
#1278=ORIENTED_EDGE('',*,*,#957,.F.);
#1279=ORIENTED_EDGE('',*,*,#958,.T.);
#1280=ORIENTED_EDGE('',*,*,#957,.T.);
#1281=ORIENTED_EDGE('',*,*,#959,.F.);
#1282=ORIENTED_EDGE('',*,*,#960,.F.);
#1283=ORIENTED_EDGE('',*,*,#961,.T.);
#1284=ORIENTED_EDGE('',*,*,#960,.T.);
#1285=ORIENTED_EDGE('',*,*,#962,.F.);
#1286=ORIENTED_EDGE('',*,*,#963,.F.);
#1287=ORIENTED_EDGE('',*,*,#964,.T.);
#1288=ORIENTED_EDGE('',*,*,#963,.T.);
#1289=ORIENTED_EDGE('',*,*,#965,.F.);
#1290=ORIENTED_EDGE('',*,*,#966,.F.);
#1291=ORIENTED_EDGE('',*,*,#967,.T.);
#1292=ORIENTED_EDGE('',*,*,#966,.T.);
#1293=ORIENTED_EDGE('',*,*,#968,.F.);
#1294=ORIENTED_EDGE('',*,*,#969,.F.);
#1295=ORIENTED_EDGE('',*,*,#970,.T.);
#1296=ORIENTED_EDGE('',*,*,#969,.T.);
#1297=ORIENTED_EDGE('',*,*,#971,.F.);
#1298=ORIENTED_EDGE('',*,*,#955,.F.);
#1299=ORIENTED_EDGE('',*,*,#971,.T.);
#1300=ORIENTED_EDGE('',*,*,#968,.T.);
#1301=ORIENTED_EDGE('',*,*,#965,.T.);
#1302=ORIENTED_EDGE('',*,*,#962,.T.);
#1303=ORIENTED_EDGE('',*,*,#959,.T.);
#1304=ORIENTED_EDGE('',*,*,#956,.T.);
#1305=ORIENTED_EDGE('',*,*,#970,.F.);
#1306=ORIENTED_EDGE('',*,*,#954,.F.);
#1307=ORIENTED_EDGE('',*,*,#958,.F.);
#1308=ORIENTED_EDGE('',*,*,#961,.F.);
#1309=ORIENTED_EDGE('',*,*,#964,.F.);
#1310=ORIENTED_EDGE('',*,*,#967,.F.);
#1311=ORIENTED_EDGE('',*,*,#972,.T.);
#1312=ORIENTED_EDGE('',*,*,#973,.T.);
#1313=ORIENTED_EDGE('',*,*,#974,.T.);
#1314=ORIENTED_EDGE('',*,*,#975,.T.);
#1315=ORIENTED_EDGE('',*,*,#976,.T.);
#1316=ORIENTED_EDGE('',*,*,#977,.T.);
#1317=ORIENTED_EDGE('',*,*,#978,.T.);
#1318=ORIENTED_EDGE('',*,*,#979,.T.);
#1319=ORIENTED_EDGE('',*,*,#980,.F.);
#1320=ORIENTED_EDGE('',*,*,#981,.F.);
#1321=ORIENTED_EDGE('',*,*,#982,.F.);
#1322=ORIENTED_EDGE('',*,*,#973,.F.);
#1323=ORIENTED_EDGE('',*,*,#982,.T.);
#1324=ORIENTED_EDGE('',*,*,#983,.F.);
#1325=ORIENTED_EDGE('',*,*,#984,.F.);
#1326=ORIENTED_EDGE('',*,*,#974,.F.);
#1327=ORIENTED_EDGE('',*,*,#984,.T.);
#1328=ORIENTED_EDGE('',*,*,#985,.F.);
#1329=ORIENTED_EDGE('',*,*,#986,.F.);
#1330=ORIENTED_EDGE('',*,*,#975,.F.);
#1331=ORIENTED_EDGE('',*,*,#986,.T.);
#1332=ORIENTED_EDGE('',*,*,#987,.F.);
#1333=ORIENTED_EDGE('',*,*,#988,.F.);
#1334=ORIENTED_EDGE('',*,*,#976,.F.);
#1335=ORIENTED_EDGE('',*,*,#988,.T.);
#1336=ORIENTED_EDGE('',*,*,#989,.F.);
#1337=ORIENTED_EDGE('',*,*,#990,.F.);
#1338=ORIENTED_EDGE('',*,*,#977,.F.);
#1339=ORIENTED_EDGE('',*,*,#990,.T.);
#1340=ORIENTED_EDGE('',*,*,#991,.F.);
#1341=ORIENTED_EDGE('',*,*,#992,.F.);
#1342=ORIENTED_EDGE('',*,*,#978,.F.);
#1343=ORIENTED_EDGE('',*,*,#992,.T.);
#1344=ORIENTED_EDGE('',*,*,#993,.F.);
#1345=ORIENTED_EDGE('',*,*,#994,.F.);
#1346=ORIENTED_EDGE('',*,*,#979,.F.);
#1347=ORIENTED_EDGE('',*,*,#994,.T.);
#1348=ORIENTED_EDGE('',*,*,#995,.F.);
#1349=ORIENTED_EDGE('',*,*,#980,.T.);
#1350=ORIENTED_EDGE('',*,*,#972,.F.);
#1351=ORIENTED_EDGE('',*,*,#995,.T.);
#1352=ORIENTED_EDGE('',*,*,#993,.T.);
#1353=ORIENTED_EDGE('',*,*,#991,.T.);
#1354=ORIENTED_EDGE('',*,*,#989,.T.);
#1355=ORIENTED_EDGE('',*,*,#987,.T.);
#1356=ORIENTED_EDGE('',*,*,#985,.T.);
#1357=ORIENTED_EDGE('',*,*,#983,.T.);
#1358=ORIENTED_EDGE('',*,*,#981,.T.);
#1359=ORIENTED_EDGE('',*,*,#996,.F.);
#1360=ORIENTED_EDGE('',*,*,#997,.F.);
#1361=ORIENTED_EDGE('',*,*,#998,.F.);
#1362=ORIENTED_EDGE('',*,*,#999,.F.);
#1363=ORIENTED_EDGE('',*,*,#1000,.T.);
#1364=ORIENTED_EDGE('',*,*,#997,.T.);
#1365=ORIENTED_EDGE('',*,*,#1001,.F.);
#1366=ORIENTED_EDGE('',*,*,#1002,.F.);
#1367=ORIENTED_EDGE('',*,*,#1003,.F.);
#1368=ORIENTED_EDGE('',*,*,#1004,.F.);
#1369=ORIENTED_EDGE('',*,*,#998,.T.);
#1370=ORIENTED_EDGE('',*,*,#1000,.F.);
#1371=ORIENTED_EDGE('',*,*,#999,.T.);
#1372=ORIENTED_EDGE('',*,*,#1003,.T.);
#1373=ORIENTED_EDGE('',*,*,#1005,.T.);
#1374=ORIENTED_EDGE('',*,*,#1006,.F.);
#1375=ORIENTED_EDGE('',*,*,#1007,.T.);
#1376=ORIENTED_EDGE('',*,*,#1008,.F.);
#1377=ORIENTED_EDGE('',*,*,#1007,.F.);
#1378=ORIENTED_EDGE('',*,*,#1006,.T.);
#1379=ORIENTED_EDGE('',*,*,#1004,.T.);
#1380=ORIENTED_EDGE('',*,*,#1005,.F.);
#1381=ORIENTED_EDGE('',*,*,#1002,.T.);
#1382=ORIENTED_EDGE('',*,*,#1009,.T.);
#1383=ORIENTED_EDGE('',*,*,#1010,.T.);
#1384=ORIENTED_EDGE('',*,*,#1009,.F.);
#1385=ORIENTED_EDGE('',*,*,#1001,.T.);
#1386=ORIENTED_EDGE('',*,*,#996,.T.);
#1387=ORIENTED_EDGE('',*,*,#1010,.F.);
#1388=ORIENTED_EDGE('',*,*,#1008,.T.);
#1389=PLANE('',#1696);
#1390=PLANE('',#1697);
#1391=PLANE('',#1698);
#1392=PLANE('',#1699);
#1393=PLANE('',#1700);
#1394=PLANE('',#1701);
#1395=PLANE('',#1703);
#1396=PLANE('',#1704);
#1397=PLANE('',#1705);
#1398=PLANE('',#1706);
#1399=PLANE('',#1707);
#1400=PLANE('',#1708);
#1401=PLANE('',#1709);
#1402=PLANE('',#1710);
#1403=PLANE('',#1712);
#1404=PLANE('',#1713);
#1405=PLANE('',#1714);
#1406=PLANE('',#1715);
#1407=PLANE('',#1716);
#1408=PLANE('',#1717);
#1409=PLANE('',#1722);
#1410=PLANE('',#1723);
#1411=PLANE('',#1724);
#1412=PLANE('',#1725);
#1413=PLANE('',#1726);
#1414=PLANE('',#1727);
#1415=PLANE('',#1728);
#1416=PLANE('',#1734);
#1417=PLANE('',#1735);
#1418=PLANE('',#1737);
#1419=PLANE('',#1738);
#1420=PLANE('',#1739);
#1421=PLANE('',#1740);
#1422=PLANE('',#1741);
#1423=PLANE('',#1742);
#1424=PLANE('',#1745);
#1425=PLANE('',#1746);
#1426=PLANE('',#1747);
#1427=PLANE('',#1748);
#1428=PLANE('',#1749);
#1429=PLANE('',#1750);
#1430=PLANE('',#1752);
#1431=PLANE('',#1753);
#1432=PLANE('',#1754);
#1433=PLANE('',#1755);
#1434=PLANE('',#1756);
#1435=PLANE('',#1757);
#1436=PLANE('',#1759);
#1437=PLANE('',#1760);
#1438=PLANE('',#1761);
#1439=PLANE('',#1762);
#1440=PLANE('',#1763);
#1441=PLANE('',#1764);
#1442=PLANE('',#1766);
#1443=PLANE('',#1768);
#1444=PLANE('',#1769);
#1445=PLANE('',#1770);
#1446=PLANE('',#1771);
#1447=PLANE('',#1772);
#1448=PLANE('',#1773);
#1449=PLANE('',#1774);
#1450=PLANE('',#1775);
#1451=PLANE('',#1778);
#1452=PLANE('',#1779);
#1453=PLANE('',#1780);
#1454=PLANE('',#1782);
#1455=PLANE('',#1789);
#1456=PLANE('',#1790);
#1457=PLANE('',#1795);
#1458=PLANE('',#1798);
#1459=ADVANCED_FACE('',(#221),#1389,.T.);
#1460=ADVANCED_FACE('',(#222),#1390,.T.);
#1461=ADVANCED_FACE('',(#223),#1391,.T.);
#1462=ADVANCED_FACE('',(#224),#1392,.T.);
#1463=ADVANCED_FACE('',(#225),#1393,.T.);
#1464=ADVANCED_FACE('',(#226),#1394,.F.);
#1465=ADVANCED_FACE('',(#227),#1395,.T.);
#1466=ADVANCED_FACE('',(#228),#1396,.F.);
#1467=ADVANCED_FACE('',(#229),#1397,.T.);
#1468=ADVANCED_FACE('',(#230),#1398,.T.);
#1469=ADVANCED_FACE('',(#231),#1399,.T.);
#1470=ADVANCED_FACE('',(#232),#1400,.T.);
#1471=ADVANCED_FACE('',(#233),#1401,.T.);
#1472=ADVANCED_FACE('',(#234),#1402,.T.);
#1473=ADVANCED_FACE('',(#235),#1403,.T.);
#1474=ADVANCED_FACE('',(#236),#1404,.T.);
#1475=ADVANCED_FACE('',(#237),#1405,.T.);
#1476=ADVANCED_FACE('',(#238),#1406,.T.);
#1477=ADVANCED_FACE('',(#239),#1407,.T.);
#1478=ADVANCED_FACE('',(#240),#1408,.F.);
#1479=ADVANCED_FACE('',(#241),#160,.T.);
#1480=ADVANCED_FACE('',(#242,#146),#1409,.F.);
#1481=ADVANCED_FACE('',(#243),#1410,.T.);
#1482=ADVANCED_FACE('',(#244),#1411,.T.);
#1483=ADVANCED_FACE('',(#245),#1412,.T.);
#1484=ADVANCED_FACE('',(#246),#1413,.T.);
#1485=ADVANCED_FACE('',(#247),#1414,.T.);
#1486=ADVANCED_FACE('',(#248),#1415,.F.);
#1487=ADVANCED_FACE('',(#249),#161,.T.);
#1488=ADVANCED_FACE('',(#250),#1416,.T.);
#1489=ADVANCED_FACE('',(#251),#1417,.F.);
#1490=ADVANCED_FACE('',(#252),#1418,.T.);
#1491=ADVANCED_FACE('',(#253),#1419,.T.);
#1492=ADVANCED_FACE('',(#254),#1420,.T.);
#1493=ADVANCED_FACE('',(#255),#1421,.T.);
#1494=ADVANCED_FACE('',(#256),#1422,.T.);
#1495=ADVANCED_FACE('',(#257),#1423,.F.);
#1496=ADVANCED_FACE('',(#258),#1424,.F.);
#1497=ADVANCED_FACE('',(#259),#1425,.F.);
#1498=ADVANCED_FACE('',(#260),#1426,.F.);
#1499=ADVANCED_FACE('',(#261),#1427,.F.);
#1500=ADVANCED_FACE('',(#262),#1428,.F.);
#1501=ADVANCED_FACE('',(#263),#1429,.T.);
#1502=ADVANCED_FACE('',(#264),#1430,.F.);
#1503=ADVANCED_FACE('',(#265),#1431,.F.);
#1504=ADVANCED_FACE('',(#266),#1432,.F.);
#1505=ADVANCED_FACE('',(#267),#1433,.F.);
#1506=ADVANCED_FACE('',(#268),#1434,.F.);
#1507=ADVANCED_FACE('',(#269),#1435,.T.);
#1508=ADVANCED_FACE('',(#270),#1436,.T.);
#1509=ADVANCED_FACE('',(#271),#1437,.T.);
#1510=ADVANCED_FACE('',(#272),#1438,.T.);
#1511=ADVANCED_FACE('',(#273),#1439,.T.);
#1512=ADVANCED_FACE('',(#274),#1440,.T.);
#1513=ADVANCED_FACE('',(#275),#1441,.F.);
#1514=ADVANCED_FACE('',(#276,#147),#1442,.T.);
#1515=ADVANCED_FACE('',(#277),#52,.F.);
#1516=ADVANCED_FACE('',(#278),#53,.F.);
#1517=ADVANCED_FACE('',(#279),#54,.F.);
#1518=ADVANCED_FACE('',(#280),#55,.F.);
#1519=ADVANCED_FACE('',(#281),#56,.F.);
#1520=ADVANCED_FACE('',(#282),#57,.F.);
#1521=ADVANCED_FACE('',(#283),#1443,.T.);
#1522=ADVANCED_FACE('',(#284),#1444,.T.);
#1523=ADVANCED_FACE('',(#285),#1445,.T.);
#1524=ADVANCED_FACE('',(#286),#1446,.T.);
#1525=ADVANCED_FACE('',(#287),#1447,.T.);
#1526=ADVANCED_FACE('',(#288),#1448,.T.);
#1527=ADVANCED_FACE('',(#289),#1449,.T.);
#1528=ADVANCED_FACE('',(#290),#1450,.F.);
#1529=ADVANCED_FACE('',(#291),#1451,.F.);
#1530=ADVANCED_FACE('',(#292),#16,.T.);
#1531=ADVANCED_FACE('',(#293),#17,.T.);
#1532=ADVANCED_FACE('',(#294),#18,.T.);
#1533=ADVANCED_FACE('',(#295),#19,.T.);
#1534=ADVANCED_FACE('',(#296),#20,.T.);
#1535=ADVANCED_FACE('',(#297),#21,.T.);
#1536=ADVANCED_FACE('',(#298),#1452,.T.);
#1537=ADVANCED_FACE('',(#299),#22,.T.);
#1538=ADVANCED_FACE('',(#300),#1453,.T.);
#1539=ADVANCED_FACE('',(#301),#1454,.F.);
#1540=ADVANCED_FACE('',(#302),#162,.T.);
#1541=ADVANCED_FACE('',(#303),#1455,.T.);
#1542=ADVANCED_FACE('',(#304),#1456,.T.);
#1543=ADVANCED_FACE('',(#305),#163,.T.);
#1544=ADVANCED_FACE('',(#306),#1457,.F.);
#1545=ADVANCED_FACE('',(#307),#164,.T.);
#1546=ADVANCED_FACE('',(#308,#148),#1458,.F.);
#1547=CLOSED_SHELL('',(#1459,#1460,#1461,#1462,#1463,#1464));
#1548=CLOSED_SHELL('',(#1465,#1466,#1467,#1468,#1469,#1470,#1471,#1472));
#1549=CLOSED_SHELL('',(#1473,#1474,#1475,#1476,#1477,#1478));
#1550=CLOSED_SHELL('',(#1479,#1480,#1481,#1482,#1483,#1484,#1485,#1486));
#1551=CLOSED_SHELL('',(#1487,#1488,#1489));
#1552=CLOSED_SHELL('',(#1490,#1491,#1492,#1493,#1494,#1495));
#1553=CLOSED_SHELL('',(#1496,#1497,#1498,#1499,#1500,#1501));
#1554=CLOSED_SHELL('',(#1502,#1503,#1504,#1505,#1506,#1507));
#1555=CLOSED_SHELL('',(#1508,#1509,#1510,#1511,#1512,#1513));
#1556=CLOSED_SHELL('',(#1514,#1515,#1516,#1517,#1518,#1519,#1520));
#1557=CLOSED_SHELL('',(#1521,#1522,#1523,#1524,#1525,#1526,#1527,#1528));
#1558=CLOSED_SHELL('',(#1529,#1530,#1531,#1532,#1533,#1534,#1535,#1536,
#1537,#1538));
#1559=CLOSED_SHELL('',(#1539,#1540,#1541,#1542,#1543,#1544,#1545,#1546));
#1560=DERIVED_UNIT_ELEMENT(#1584,1.);
#1561=DERIVED_UNIT_ELEMENT(#3072,-3.);
#1562=DERIVED_UNIT_ELEMENT(#1584,1.);
#1563=DERIVED_UNIT_ELEMENT(#3072,-3.);
#1564=DERIVED_UNIT_ELEMENT(#1584,1.);
#1565=DERIVED_UNIT_ELEMENT(#3072,-3.);
#1566=DERIVED_UNIT_ELEMENT(#1584,1.);
#1567=DERIVED_UNIT_ELEMENT(#3072,-3.);
#1568=DERIVED_UNIT_ELEMENT(#1584,1.);
#1569=DERIVED_UNIT_ELEMENT(#3072,-3.);
#1570=DERIVED_UNIT_ELEMENT(#1584,1.);
#1571=DERIVED_UNIT_ELEMENT(#3072,-3.);
#1572=DERIVED_UNIT_ELEMENT(#1584,1.);
#1573=DERIVED_UNIT_ELEMENT(#3072,-3.);
#1574=DERIVED_UNIT_ELEMENT(#1584,1.);
#1575=DERIVED_UNIT_ELEMENT(#3072,-3.);
#1576=DERIVED_UNIT_ELEMENT(#1584,1.);
#1577=DERIVED_UNIT_ELEMENT(#3072,-3.);
#1578=DERIVED_UNIT_ELEMENT(#1584,1.);
#1579=DERIVED_UNIT_ELEMENT(#3072,-3.);
#1580=DERIVED_UNIT_ELEMENT(#1584,1.);
#1581=DERIVED_UNIT_ELEMENT(#3072,-3.);
#1582=DERIVED_UNIT_ELEMENT(#1584,1.);
#1583=DERIVED_UNIT_ELEMENT(#3072,-3.);
#1584=(
MASS_UNIT()
NAMED_UNIT(*)
SI_UNIT(.KILO.,.GRAM.)
);
#1585=DERIVED_UNIT((#1560,#1561));
#1586=DERIVED_UNIT((#1562,#1563));
#1587=DERIVED_UNIT((#1564,#1565));
#1588=DERIVED_UNIT((#1566,#1567));
#1589=DERIVED_UNIT((#1568,#1569));
#1590=DERIVED_UNIT((#1570,#1571));
#1591=DERIVED_UNIT((#1572,#1573));
#1592=DERIVED_UNIT((#1574,#1575));
#1593=DERIVED_UNIT((#1576,#1577));
#1594=DERIVED_UNIT((#1578,#1579));
#1595=DERIVED_UNIT((#1580,#1581));
#1596=DERIVED_UNIT((#1582,#1583));
#1597=MEASURE_REPRESENTATION_ITEM('density measure',
POSITIVE_RATIO_MEASURE(7850.),#1585);
#1598=MEASURE_REPRESENTATION_ITEM('density measure',
POSITIVE_RATIO_MEASURE(1060.),#1586);
#1599=MEASURE_REPRESENTATION_ITEM('density measure',
POSITIVE_RATIO_MEASURE(1060.),#1587);
#1600=MEASURE_REPRESENTATION_ITEM('density measure',
POSITIVE_RATIO_MEASURE(1060.),#1588);
#1601=MEASURE_REPRESENTATION_ITEM('density measure',
POSITIVE_RATIO_MEASURE(1060.),#1589);
#1602=MEASURE_REPRESENTATION_ITEM('density measure',
POSITIVE_RATIO_MEASURE(1060.),#1590);
#1603=MEASURE_REPRESENTATION_ITEM('density measure',
POSITIVE_RATIO_MEASURE(1060.),#1591);
#1604=MEASURE_REPRESENTATION_ITEM('density measure',
POSITIVE_RATIO_MEASURE(1060.),#1592);
#1605=MEASURE_REPRESENTATION_ITEM('density measure',
POSITIVE_RATIO_MEASURE(1060.),#1593);
#1606=MEASURE_REPRESENTATION_ITEM('density measure',
POSITIVE_RATIO_MEASURE(1060.),#1594);
#1607=MEASURE_REPRESENTATION_ITEM('density measure',
POSITIVE_RATIO_MEASURE(1060.),#1595);
#1608=MEASURE_REPRESENTATION_ITEM('density measure',
POSITIVE_RATIO_MEASURE(1060.),#1596);
#1609=PROPERTY_DEFINITION_REPRESENTATION(#1669,#1633);
#1610=PROPERTY_DEFINITION_REPRESENTATION(#1670,#1634);
#1611=PROPERTY_DEFINITION_REPRESENTATION(#1671,#1635);
#1612=PROPERTY_DEFINITION_REPRESENTATION(#1672,#1636);
#1613=PROPERTY_DEFINITION_REPRESENTATION(#1673,#1637);
#1614=PROPERTY_DEFINITION_REPRESENTATION(#1674,#1638);
#1615=PROPERTY_DEFINITION_REPRESENTATION(#1675,#1639);
#1616=PROPERTY_DEFINITION_REPRESENTATION(#1676,#1640);
#1617=PROPERTY_DEFINITION_REPRESENTATION(#1677,#1641);
#1618=PROPERTY_DEFINITION_REPRESENTATION(#1678,#1642);
#1619=PROPERTY_DEFINITION_REPRESENTATION(#1679,#1643);
#1620=PROPERTY_DEFINITION_REPRESENTATION(#1680,#1644);
#1621=PROPERTY_DEFINITION_REPRESENTATION(#1681,#1645);
#1622=PROPERTY_DEFINITION_REPRESENTATION(#1682,#1646);
#1623=PROPERTY_DEFINITION_REPRESENTATION(#1683,#1647);
#1624=PROPERTY_DEFINITION_REPRESENTATION(#1684,#1648);
#1625=PROPERTY_DEFINITION_REPRESENTATION(#1685,#1649);
#1626=PROPERTY_DEFINITION_REPRESENTATION(#1686,#1650);
#1627=PROPERTY_DEFINITION_REPRESENTATION(#1687,#1651);
#1628=PROPERTY_DEFINITION_REPRESENTATION(#1688,#1652);
#1629=PROPERTY_DEFINITION_REPRESENTATION(#1689,#1653);
#1630=PROPERTY_DEFINITION_REPRESENTATION(#1690,#1654);
#1631=PROPERTY_DEFINITION_REPRESENTATION(#1691,#1655);
#1632=PROPERTY_DEFINITION_REPRESENTATION(#1692,#1656);
#1633=REPRESENTATION('material name',(#1657),#3055);
#1634=REPRESENTATION('density',(#1597),#3055);
#1635=REPRESENTATION('material name',(#1658),#3056);
#1636=REPRESENTATION('density',(#1598),#3056);
#1637=REPRESENTATION('material name',(#1659),#3057);
#1638=REPRESENTATION('density',(#1599),#3057);
#1639=REPRESENTATION('material name',(#1660),#3059);
#1640=REPRESENTATION('density',(#1600),#3059);
#1641=REPRESENTATION('material name',(#1661),#3061);
#1642=REPRESENTATION('density',(#1601),#3061);
#1643=REPRESENTATION('material name',(#1662),#3062);
#1644=REPRESENTATION('density',(#1602),#3062);
#1645=REPRESENTATION('material name',(#1663),#3063);
#1646=REPRESENTATION('density',(#1603),#3063);
#1647=REPRESENTATION('material name',(#1664),#3064);
#1648=REPRESENTATION('density',(#1604),#3064);
#1649=REPRESENTATION('material name',(#1665),#3065);
#1650=REPRESENTATION('density',(#1605),#3065);
#1651=REPRESENTATION('material name',(#1666),#3066);
#1652=REPRESENTATION('density',(#1606),#3066);
#1653=REPRESENTATION('material name',(#1667),#3068);
#1654=REPRESENTATION('density',(#1607),#3068);
#1655=REPRESENTATION('material name',(#1668),#3069);
#1656=REPRESENTATION('density',(#1608),#3069);
#1657=DESCRIPTIVE_REPRESENTATION_ITEM('Steel','Steel');
#1658=DESCRIPTIVE_REPRESENTATION_ITEM('ABS Plastic','ABS Plastic');
#1659=DESCRIPTIVE_REPRESENTATION_ITEM('ABS Plastic','ABS Plastic');
#1660=DESCRIPTIVE_REPRESENTATION_ITEM('ABS Plastic','ABS Plastic');
#1661=DESCRIPTIVE_REPRESENTATION_ITEM('ABS Plastic','ABS Plastic');
#1662=DESCRIPTIVE_REPRESENTATION_ITEM('ABS Plastic','ABS Plastic');
#1663=DESCRIPTIVE_REPRESENTATION_ITEM('ABS Plastic','ABS Plastic');
#1664=DESCRIPTIVE_REPRESENTATION_ITEM('ABS Plastic','ABS Plastic');
#1665=DESCRIPTIVE_REPRESENTATION_ITEM('ABS Plastic','ABS Plastic');
#1666=DESCRIPTIVE_REPRESENTATION_ITEM('ABS Plastic','ABS Plastic');
#1667=DESCRIPTIVE_REPRESENTATION_ITEM('ABS Plastic','ABS Plastic');
#1668=DESCRIPTIVE_REPRESENTATION_ITEM('ABS Plastic','ABS Plastic');
#1669=PROPERTY_DEFINITION('material property','material name',#3147);
#1670=PROPERTY_DEFINITION('material property','density of part',#3147);
#1671=PROPERTY_DEFINITION('material property','material name',#3148);
#1672=PROPERTY_DEFINITION('material property','density of part',#3148);
#1673=PROPERTY_DEFINITION('material property','material name',#3149);
#1674=PROPERTY_DEFINITION('material property','density of part',#3149);
#1675=PROPERTY_DEFINITION('material property','material name',#3151);
#1676=PROPERTY_DEFINITION('material property','density of part',#3151);
#1677=PROPERTY_DEFINITION('material property','material name',#3153);
#1678=PROPERTY_DEFINITION('material property','density of part',#3153);
#1679=PROPERTY_DEFINITION('material property','material name',#3154);
#1680=PROPERTY_DEFINITION('material property','density of part',#3154);
#1681=PROPERTY_DEFINITION('material property','material name',#3155);
#1682=PROPERTY_DEFINITION('material property','density of part',#3155);
#1683=PROPERTY_DEFINITION('material property','material name',#3156);
#1684=PROPERTY_DEFINITION('material property','density of part',#3156);
#1685=PROPERTY_DEFINITION('material property','material name',#3157);
#1686=PROPERTY_DEFINITION('material property','density of part',#3157);
#1687=PROPERTY_DEFINITION('material property','material name',#3158);
#1688=PROPERTY_DEFINITION('material property','density of part',#3158);
#1689=PROPERTY_DEFINITION('material property','material name',#3160);
#1690=PROPERTY_DEFINITION('material property','density of part',#3160);
#1691=PROPERTY_DEFINITION('material property','material name',#3161);
#1692=PROPERTY_DEFINITION('material property','density of part',#3161);
#1693=AXIS2_PLACEMENT_3D('',#2221,#1820,#1821);
#1694=AXIS2_PLACEMENT_3D('',#2222,#1822,#1823);
#1695=AXIS2_PLACEMENT_3D('',#2223,#1824,#1825);
#1696=AXIS2_PLACEMENT_3D('',#2224,#1826,#1827);
#1697=AXIS2_PLACEMENT_3D('',#2233,#1832,#1833);
#1698=AXIS2_PLACEMENT_3D('',#2239,#1837,#1838);
#1699=AXIS2_PLACEMENT_3D('',#2245,#1842,#1843);
#1700=AXIS2_PLACEMENT_3D('',#2248,#1846,#1847);
#1701=AXIS2_PLACEMENT_3D('',#2249,#1848,#1849);
#1702=AXIS2_PLACEMENT_3D('',#2250,#1850,#1851);
#1703=AXIS2_PLACEMENT_3D('',#2251,#1852,#1853);
#1704=AXIS2_PLACEMENT_3D('',#2260,#1858,#1859);
#1705=AXIS2_PLACEMENT_3D('',#2270,#1865,#1866);
#1706=AXIS2_PLACEMENT_3D('',#2274,#1869,#1870);
#1707=AXIS2_PLACEMENT_3D('',#2280,#1874,#1875);
#1708=AXIS2_PLACEMENT_3D('',#2282,#1877,#1878);
#1709=AXIS2_PLACEMENT_3D('',#2286,#1881,#1882);
#1710=AXIS2_PLACEMENT_3D('',#2288,#1884,#1885);
#1711=AXIS2_PLACEMENT_3D('',#2289,#1886,#1887);
#1712=AXIS2_PLACEMENT_3D('',#2290,#1888,#1889);
#1713=AXIS2_PLACEMENT_3D('',#2299,#1894,#1895);
#1714=AXIS2_PLACEMENT_3D('',#2305,#1899,#1900);
#1715=AXIS2_PLACEMENT_3D('',#2311,#1904,#1905);
#1716=AXIS2_PLACEMENT_3D('',#2314,#1908,#1909);
#1717=AXIS2_PLACEMENT_3D('',#2315,#1910,#1911);
#1718=AXIS2_PLACEMENT_3D('',#2316,#1912,#1913);
#1719=AXIS2_PLACEMENT_3D('',#2317,#1914,#1915);
#1720=AXIS2_PLACEMENT_3D('',#2319,#1916,#1917);
#1721=AXIS2_PLACEMENT_3D('',#2322,#1919,#1920);
#1722=AXIS2_PLACEMENT_3D('',#2323,#1921,#1922);
#1723=AXIS2_PLACEMENT_3D('',#2332,#1927,#1928);
#1724=AXIS2_PLACEMENT_3D('',#2338,#1932,#1933);
#1725=AXIS2_PLACEMENT_3D('',#2342,#1936,#1937);
#1726=AXIS2_PLACEMENT_3D('',#2346,#1940,#1941);
#1727=AXIS2_PLACEMENT_3D('',#2348,#1943,#1944);
#1728=AXIS2_PLACEMENT_3D('',#2349,#1945,#1946);
#1729=AXIS2_PLACEMENT_3D('',#2350,#1947,#1948);
#1730=AXIS2_PLACEMENT_3D('',#2351,#1949,#1950);
#1731=AXIS2_PLACEMENT_3D('',#2352,#1951,#1952);
#1732=AXIS2_PLACEMENT_3D('',#2354,#1953,#1954);
#1733=AXIS2_PLACEMENT_3D('',#2357,#1956,#1957);
#1734=AXIS2_PLACEMENT_3D('',#2358,#1958,#1959);
#1735=AXIS2_PLACEMENT_3D('',#2359,#1960,#1961);
#1736=AXIS2_PLACEMENT_3D('',#2360,#1962,#1963);
#1737=AXIS2_PLACEMENT_3D('',#2361,#1964,#1965);
#1738=AXIS2_PLACEMENT_3D('',#2370,#1970,#1971);
#1739=AXIS2_PLACEMENT_3D('',#2376,#1975,#1976);
#1740=AXIS2_PLACEMENT_3D('',#2382,#1980,#1981);
#1741=AXIS2_PLACEMENT_3D('',#2385,#1984,#1985);
#1742=AXIS2_PLACEMENT_3D('',#2386,#1986,#1987);
#1743=AXIS2_PLACEMENT_3D('',#2387,#1988,#1989);
#1744=AXIS2_PLACEMENT_3D('',#2388,#1990,#1991);
#1745=AXIS2_PLACEMENT_3D('',#2389,#1992,#1993);
#1746=AXIS2_PLACEMENT_3D('',#2398,#1998,#1999);
#1747=AXIS2_PLACEMENT_3D('',#2404,#2003,#2004);
#1748=AXIS2_PLACEMENT_3D('',#2410,#2008,#2009);
#1749=AXIS2_PLACEMENT_3D('',#2413,#2012,#2013);
#1750=AXIS2_PLACEMENT_3D('',#2414,#2014,#2015);
#1751=AXIS2_PLACEMENT_3D('',#2415,#2016,#2017);
#1752=AXIS2_PLACEMENT_3D('',#2416,#2018,#2019);
#1753=AXIS2_PLACEMENT_3D('',#2425,#2024,#2025);
#1754=AXIS2_PLACEMENT_3D('',#2431,#2029,#2030);
#1755=AXIS2_PLACEMENT_3D('',#2437,#2034,#2035);
#1756=AXIS2_PLACEMENT_3D('',#2440,#2038,#2039);
#1757=AXIS2_PLACEMENT_3D('',#2441,#2040,#2041);
#1758=AXIS2_PLACEMENT_3D('',#2442,#2042,#2043);
#1759=AXIS2_PLACEMENT_3D('',#2443,#2044,#2045);
#1760=AXIS2_PLACEMENT_3D('',#2452,#2050,#2051);
#1761=AXIS2_PLACEMENT_3D('',#2458,#2055,#2056);
#1762=AXIS2_PLACEMENT_3D('',#2464,#2060,#2061);
#1763=AXIS2_PLACEMENT_3D('',#2467,#2064,#2065);
#1764=AXIS2_PLACEMENT_3D('',#2468,#2066,#2067);
#1765=AXIS2_PLACEMENT_3D('',#2469,#2068,#2069);
#1766=AXIS2_PLACEMENT_3D('',#2470,#2070,#2071);
#1767=AXIS2_PLACEMENT_3D('',#2717,#2084,#2085);
#1768=AXIS2_PLACEMENT_3D('',#2718,#2086,#2087);
#1769=AXIS2_PLACEMENT_3D('',#2727,#2092,#2093);
#1770=AXIS2_PLACEMENT_3D('',#2733,#2097,#2098);
#1771=AXIS2_PLACEMENT_3D('',#2739,#2102,#2103);
#1772=AXIS2_PLACEMENT_3D('',#2745,#2107,#2108);
#1773=AXIS2_PLACEMENT_3D('',#2751,#2112,#2113);
#1774=AXIS2_PLACEMENT_3D('',#2754,#2116,#2117);
#1775=AXIS2_PLACEMENT_3D('',#2755,#2118,#2119);
#1776=AXIS2_PLACEMENT_3D('',#2756,#2120,#2121);
#1777=AXIS2_PLACEMENT_3D('',#2757,#2122,#2123);
#1778=AXIS2_PLACEMENT_3D('',#2758,#2124,#2125);
#1779=AXIS2_PLACEMENT_3D('',#2908,#2134,#2135);
#1780=AXIS2_PLACEMENT_3D('',#2930,#2138,#2139);
#1781=AXIS2_PLACEMENT_3D('',#2931,#2140,#2141);
#1782=AXIS2_PLACEMENT_3D('',#2932,#2142,#2143);
#1783=AXIS2_PLACEMENT_3D('',#2935,#2144,#2145);
#1784=AXIS2_PLACEMENT_3D('',#2937,#2146,#2147);
#1785=AXIS2_PLACEMENT_3D('',#2938,#2148,#2149);
#1786=AXIS2_PLACEMENT_3D('',#2939,#2150,#2151);
#1787=AXIS2_PLACEMENT_3D('',#2941,#2152,#2153);
#1788=AXIS2_PLACEMENT_3D('',#2982,#2155,#2156);
#1789=AXIS2_PLACEMENT_3D('',#3001,#2157,#2158);
#1790=AXIS2_PLACEMENT_3D('',#3002,#2159,#2160);
#1791=AXIS2_PLACEMENT_3D('',#3003,#2161,#2162);
#1792=AXIS2_PLACEMENT_3D('',#3004,#2163,#2164);
#1793=AXIS2_PLACEMENT_3D('',#3006,#2165,#2166);
#1794=AXIS2_PLACEMENT_3D('',#3009,#2168,#2169);
#1795=AXIS2_PLACEMENT_3D('',#3010,#2170,#2171);
#1796=AXIS2_PLACEMENT_3D('',#3011,#2172,#2173);
#1797=AXIS2_PLACEMENT_3D('',#3014,#2175,#2176);
#1798=AXIS2_PLACEMENT_3D('',#3015,#2177,#2178);
#1799=AXIS2_PLACEMENT_3D('',#3016,#2179,#2180);
#1800=AXIS2_PLACEMENT_3D('',#3017,#2181,#2182);
#1801=AXIS2_PLACEMENT_3D('',#3018,#2183,#2184);
#1802=AXIS2_PLACEMENT_3D('',#3019,#2185,#2186);
#1803=AXIS2_PLACEMENT_3D('',#3020,#2187,#2188);
#1804=AXIS2_PLACEMENT_3D('',#3021,#2189,#2190);
#1805=AXIS2_PLACEMENT_3D('',#3022,#2191,#2192);
#1806=AXIS2_PLACEMENT_3D('',#3023,#2193,#2194);
#1807=AXIS2_PLACEMENT_3D('',#3024,#2195,#2196);
#1808=AXIS2_PLACEMENT_3D('',#3025,#2197,#2198);
#1809=AXIS2_PLACEMENT_3D('',#3026,#2199,#2200);
#1810=AXIS2_PLACEMENT_3D('',#3027,#2201,#2202);
#1811=AXIS2_PLACEMENT_3D('',#3028,#2203,#2204);
#1812=AXIS2_PLACEMENT_3D('',#3029,#2205,#2206);
#1813=AXIS2_PLACEMENT_3D('',#3030,#2207,#2208);
#1814=AXIS2_PLACEMENT_3D('',#3031,#2209,#2210);
#1815=AXIS2_PLACEMENT_3D('',#3032,#2211,#2212);
#1816=AXIS2_PLACEMENT_3D('',#3033,#2213,#2214);
#1817=AXIS2_PLACEMENT_3D('',#3034,#2215,#2216);
#1818=AXIS2_PLACEMENT_3D('',#3035,#2217,#2218);
#1819=AXIS2_PLACEMENT_3D('',#3036,#2219,#2220);
#1820=DIRECTION('axis',(0.,0.,1.));
#1821=DIRECTION('refdir',(1.,0.,0.));
#1822=DIRECTION('axis',(0.,0.,1.));
#1823=DIRECTION('refdir',(1.,0.,0.));
#1824=DIRECTION('axis',(0.,0.,1.));
#1825=DIRECTION('refdir',(1.,0.,0.));
#1826=DIRECTION('center_axis',(-1.,-4.1086505480261E-33,0.));
#1827=DIRECTION('ref_axis',(4.1086505480261E-33,-1.,0.));
#1828=DIRECTION('',(-4.1086505480261E-33,1.,0.));
#1829=DIRECTION('',(0.,0.,1.));
#1830=DIRECTION('',(4.1086505480261E-33,-1.,0.));
#1831=DIRECTION('',(0.,0.,1.));
#1832=DIRECTION('center_axis',(8.21730109605221E-33,1.,0.));
#1833=DIRECTION('ref_axis',(-1.,8.21730109605221E-33,0.));
#1834=DIRECTION('',(1.,-8.21730109605221E-33,0.));
#1835=DIRECTION('',(-1.,8.21730109605221E-33,0.));
#1836=DIRECTION('',(0.,0.,1.));
#1837=DIRECTION('center_axis',(1.,0.,0.));
#1838=DIRECTION('ref_axis',(0.,1.,0.));
#1839=DIRECTION('',(0.,-1.,0.));
#1840=DIRECTION('',(0.,1.,0.));
#1841=DIRECTION('',(0.,0.,1.));
#1842=DIRECTION('center_axis',(0.,-1.,0.));
#1843=DIRECTION('ref_axis',(1.,0.,0.));
#1844=DIRECTION('',(-1.,0.,0.));
#1845=DIRECTION('',(1.,0.,0.));
#1846=DIRECTION('center_axis',(0.,0.,1.));
#1847=DIRECTION('ref_axis',(1.,0.,0.));
#1848=DIRECTION('center_axis',(0.,0.,1.));
#1849=DIRECTION('ref_axis',(1.,0.,0.));
#1850=DIRECTION('axis',(0.,0.,1.));
#1851=DIRECTION('refdir',(1.,0.,0.));
#1852=DIRECTION('center_axis',(0.550859897554537,-0.245406795861916,-0.797702248844137));
#1853=DIRECTION('ref_axis',(-0.822865313898413,0.,-0.568236460624331));
#1854=DIRECTION('',(-0.822865313898413,-1.93192344165736E-33,-0.568236460624331));
#1855=DIRECTION('',(0.406941682935523,0.913454140441437,0.));
#1856=DIRECTION('',(0.,-0.955792495986473,0.294042011651309));
#1857=DIRECTION('',(-0.406941682935523,-0.913454140441437,0.));
#1858=DIRECTION('center_axis',(0.,0.,1.));
#1859=DIRECTION('ref_axis',(1.,0.,0.));
#1860=DIRECTION('',(0.406941682935524,-0.913454140441437,0.));
#1861=DIRECTION('',(0.,-1.,0.));
#1862=DIRECTION('',(-1.,0.,0.));
#1863=DIRECTION('',(0.,1.,0.));
#1864=DIRECTION('',(1.,2.34780031315777E-33,0.));
#1865=DIRECTION('center_axis',(2.34780031315777E-33,-1.,0.));
#1866=DIRECTION('ref_axis',(1.,2.34780031315777E-33,0.));
#1867=DIRECTION('',(-0.822865313898413,-1.93192344165736E-33,0.568236460624331));
#1868=DIRECTION('',(1.,2.34780031315777E-33,0.));
#1869=DIRECTION('center_axis',(0.,1.,0.));
#1870=DIRECTION('ref_axis',(-1.,0.,0.));
#1871=DIRECTION('',(0.,0.,1.));
#1872=DIRECTION('',(-1.,0.,0.));
#1873=DIRECTION('',(0.,0.,1.));
#1874=DIRECTION('center_axis',(1.,0.,0.));
#1875=DIRECTION('ref_axis',(0.,1.,0.));
#1876=DIRECTION('',(0.,1.,0.));
#1877=DIRECTION('center_axis',(0.,0.,1.));
#1878=DIRECTION('ref_axis',(1.,0.,0.));
#1879=DIRECTION('',(-0.406941682935524,0.913454140441437,0.));
#1880=DIRECTION('',(0.,-1.,0.));
#1881=DIRECTION('center_axis',(-1.,0.,0.));
#1882=DIRECTION('ref_axis',(0.,-1.,0.));
#1883=DIRECTION('',(0.,0.955792495986473,-0.294042011651309));
#1884=DIRECTION('center_axis',(-0.550859897554537,-0.245406795861916,-0.797702248844137));
#1885=DIRECTION('ref_axis',(-0.822865313898413,0.,0.568236460624331));
#1886=DIRECTION('axis',(0.,0.,1.));
#1887=DIRECTION('refdir',(1.,0.,0.));
#1888=DIRECTION('center_axis',(0.,-1.,0.));
#1889=DIRECTION('ref_axis',(1.,0.,0.));
#1890=DIRECTION('',(1.,0.,0.));
#1891=DIRECTION('',(0.,0.,1.));
#1892=DIRECTION('',(1.,0.,0.));
#1893=DIRECTION('',(0.,0.,1.));
#1894=DIRECTION('center_axis',(-1.,0.,0.));
#1895=DIRECTION('ref_axis',(0.,-1.,0.));
#1896=DIRECTION('',(0.,-1.,0.));
#1897=DIRECTION('',(0.,-1.,0.));
#1898=DIRECTION('',(0.,0.,1.));
#1899=DIRECTION('center_axis',(0.,1.,0.));
#1900=DIRECTION('ref_axis',(-1.,0.,0.));
#1901=DIRECTION('',(-1.,0.,0.));
#1902=DIRECTION('',(-1.,0.,0.));
#1903=DIRECTION('',(0.,0.,1.));
#1904=DIRECTION('center_axis',(1.,0.,0.));
#1905=DIRECTION('ref_axis',(0.,1.,0.));
#1906=DIRECTION('',(0.,1.,0.));
#1907=DIRECTION('',(0.,1.,0.));
#1908=DIRECTION('center_axis',(0.,0.,1.));
#1909=DIRECTION('ref_axis',(1.,0.,0.));
#1910=DIRECTION('center_axis',(0.,0.,1.));
#1911=DIRECTION('ref_axis',(1.,0.,0.));
#1912=DIRECTION('axis',(0.,0.,1.));
#1913=DIRECTION('refdir',(1.,0.,0.));
#1914=DIRECTION('center_axis',(0.,0.,1.));
#1915=DIRECTION('ref_axis',(1.,0.,0.));
#1916=DIRECTION('center_axis',(0.,0.,1.));
#1917=DIRECTION('ref_axis',(1.,0.,0.));
#1918=DIRECTION('',(0.,0.,-1.));
#1919=DIRECTION('center_axis',(0.,0.,-1.));
#1920=DIRECTION('ref_axis',(1.,0.,0.));
#1921=DIRECTION('center_axis',(0.,0.,-1.));
#1922=DIRECTION('ref_axis',(1.,0.,0.));
#1923=DIRECTION('',(-1.,0.,0.));
#1924=DIRECTION('',(-4.1086505480261E-33,1.,0.));
#1925=DIRECTION('',(1.,0.,0.));
#1926=DIRECTION('',(0.,-1.,0.));
#1927=DIRECTION('center_axis',(0.,-1.,0.));
#1928=DIRECTION('ref_axis',(1.,0.,0.));
#1929=DIRECTION('',(0.,0.,1.));
#1930=DIRECTION('',(1.,0.,0.));
#1931=DIRECTION('',(0.,0.,1.));
#1932=DIRECTION('center_axis',(1.,4.1086505480261E-33,0.));
#1933=DIRECTION('ref_axis',(-4.1086505480261E-33,1.,0.));
#1934=DIRECTION('',(0.,0.,1.));
#1935=DIRECTION('',(-4.1086505480261E-33,1.,0.));
#1936=DIRECTION('center_axis',(-1.,0.,0.));
#1937=DIRECTION('ref_axis',(0.,-1.,0.));
#1938=DIRECTION('',(0.,-1.,0.));
#1939=DIRECTION('',(0.,0.,1.));
#1940=DIRECTION('center_axis',(0.,1.,0.));
#1941=DIRECTION('ref_axis',(-1.,0.,0.));
#1942=DIRECTION('',(-1.,0.,0.));
#1943=DIRECTION('center_axis',(0.,0.,1.));
#1944=DIRECTION('ref_axis',(1.,0.,0.));
#1945=DIRECTION('center_axis',(0.,0.,1.));
#1946=DIRECTION('ref_axis',(1.,0.,0.));
#1947=DIRECTION('axis',(0.,0.,1.));
#1948=DIRECTION('refdir',(1.,0.,0.));
#1949=DIRECTION('axis',(0.,0.,1.));
#1950=DIRECTION('refdir',(1.,0.,0.));
#1951=DIRECTION('center_axis',(0.,-1.,0.));
#1952=DIRECTION('ref_axis',(1.,0.,0.));
#1953=DIRECTION('center_axis',(0.,-1.,0.));
#1954=DIRECTION('ref_axis',(1.,0.,0.));
#1955=DIRECTION('',(0.,1.,0.));
#1956=DIRECTION('center_axis',(0.,-1.,0.));
#1957=DIRECTION('ref_axis',(1.,0.,0.));
#1958=DIRECTION('center_axis',(0.,-1.,0.));
#1959=DIRECTION('ref_axis',(1.,0.,0.));
#1960=DIRECTION('center_axis',(0.,-1.,0.));
#1961=DIRECTION('ref_axis',(1.,0.,0.));
#1962=DIRECTION('',(0.,2.46519032881566E-32,1.));
#1963=DIRECTION('',(1.,0.,0.));
#1964=DIRECTION('center_axis',(0.,-1.,0.));
#1965=DIRECTION('ref_axis',(1.,0.,0.));
#1966=DIRECTION('',(1.,0.,0.));
#1967=DIRECTION('',(0.,0.,1.));
#1968=DIRECTION('',(1.,0.,0.));
#1969=DIRECTION('',(0.,0.,1.));
#1970=DIRECTION('center_axis',(-1.,0.,0.));
#1971=DIRECTION('ref_axis',(0.,-1.,0.));
#1972=DIRECTION('',(0.,-1.,0.));
#1973=DIRECTION('',(0.,-1.,0.));
#1974=DIRECTION('',(0.,0.,1.));
#1975=DIRECTION('center_axis',(0.,1.,0.));
#1976=DIRECTION('ref_axis',(-1.,0.,0.));
#1977=DIRECTION('',(-1.,0.,0.));
#1978=DIRECTION('',(-1.,0.,0.));
#1979=DIRECTION('',(0.,0.,1.));
#1980=DIRECTION('center_axis',(1.,0.,0.));
#1981=DIRECTION('ref_axis',(0.,1.,0.));
#1982=DIRECTION('',(0.,1.,0.));
#1983=DIRECTION('',(0.,1.,0.));
#1984=DIRECTION('center_axis',(0.,0.,1.));
#1985=DIRECTION('ref_axis',(1.,0.,0.));
#1986=DIRECTION('center_axis',(0.,0.,1.));
#1987=DIRECTION('ref_axis',(1.,0.,0.));
#1988=DIRECTION('',(0.,9.86076131526265E-32,1.));
#1989=DIRECTION('',(1.,0.,0.));
#1990=DIRECTION('axis',(0.,0.,1.));
#1991=DIRECTION('refdir',(1.,0.,0.));
#1992=DIRECTION('center_axis',(1.,4.1086505480261E-33,0.));
#1993=DIRECTION('ref_axis',(4.1086505480261E-33,-1.,0.));
#1994=DIRECTION('',(-4.1086505480261E-33,1.,0.));
#1995=DIRECTION('',(0.,0.,-1.));
#1996=DIRECTION('',(4.1086505480261E-33,-1.,0.));
#1997=DIRECTION('',(0.,0.,-1.));
#1998=DIRECTION('center_axis',(-8.21730109605221E-33,-1.,0.));
#1999=DIRECTION('ref_axis',(-1.,8.21730109605221E-33,0.));
#2000=DIRECTION('',(1.,-8.21730109605221E-33,0.));
#2001=DIRECTION('',(0.,0.,-1.));
#2002=DIRECTION('',(-1.,8.21730109605221E-33,0.));
#2003=DIRECTION('center_axis',(-1.,0.,0.));
#2004=DIRECTION('ref_axis',(0.,1.,0.));
#2005=DIRECTION('',(0.,-1.,0.));
#2006=DIRECTION('',(0.,0.,-1.));
#2007=DIRECTION('',(0.,1.,0.));
#2008=DIRECTION('center_axis',(0.,1.,0.));
#2009=DIRECTION('ref_axis',(1.,0.,0.));
#2010=DIRECTION('',(-1.,0.,0.));
#2011=DIRECTION('',(1.,0.,0.));
#2012=DIRECTION('center_axis',(0.,0.,1.));
#2013=DIRECTION('ref_axis',(1.,0.,0.));
#2014=DIRECTION('center_axis',(0.,0.,1.));
#2015=DIRECTION('ref_axis',(1.,0.,0.));
#2016=DIRECTION('axis',(0.,0.,1.));
#2017=DIRECTION('refdir',(1.,0.,0.));
#2018=DIRECTION('center_axis',(1.,4.1086505480261E-33,0.));
#2019=DIRECTION('ref_axis',(4.1086505480261E-33,-1.,0.));
#2020=DIRECTION('',(-4.1086505480261E-33,1.,0.));
#2021=DIRECTION('',(0.,0.,-1.));
#2022=DIRECTION('',(4.1086505480261E-33,-1.,0.));
#2023=DIRECTION('',(0.,0.,-1.));
#2024=DIRECTION('center_axis',(-8.21730109605221E-33,-1.,0.));
#2025=DIRECTION('ref_axis',(-1.,8.21730109605221E-33,0.));
#2026=DIRECTION('',(1.,-8.21730109605221E-33,0.));
#2027=DIRECTION('',(0.,0.,-1.));
#2028=DIRECTION('',(-1.,8.21730109605221E-33,0.));
#2029=DIRECTION('center_axis',(-1.,0.,0.));
#2030=DIRECTION('ref_axis',(0.,1.,0.));
#2031=DIRECTION('',(0.,-1.,0.));
#2032=DIRECTION('',(0.,0.,-1.));
#2033=DIRECTION('',(0.,1.,0.));
#2034=DIRECTION('center_axis',(0.,1.,0.));
#2035=DIRECTION('ref_axis',(1.,0.,0.));
#2036=DIRECTION('',(-1.,0.,0.));
#2037=DIRECTION('',(1.,0.,0.));
#2038=DIRECTION('center_axis',(0.,0.,1.));
#2039=DIRECTION('ref_axis',(1.,0.,0.));
#2040=DIRECTION('center_axis',(0.,0.,1.));
#2041=DIRECTION('ref_axis',(1.,0.,0.));
#2042=DIRECTION('axis',(0.,0.,1.));
#2043=DIRECTION('refdir',(1.,0.,0.));
#2044=DIRECTION('center_axis',(-1.,-4.1086505480261E-33,0.));
#2045=DIRECTION('ref_axis',(4.1086505480261E-33,-1.,0.));
#2046=DIRECTION('',(-4.1086505480261E-33,1.,0.));
#2047=DIRECTION('',(0.,0.,1.));
#2048=DIRECTION('',(4.1086505480261E-33,-1.,0.));
#2049=DIRECTION('',(0.,0.,1.));
#2050=DIRECTION('center_axis',(8.21730109605221E-33,1.,0.));
#2051=DIRECTION('ref_axis',(-1.,8.21730109605221E-33,0.));
#2052=DIRECTION('',(1.,-8.21730109605221E-33,0.));
#2053=DIRECTION('',(-1.,8.21730109605221E-33,0.));
#2054=DIRECTION('',(0.,0.,1.));
#2055=DIRECTION('center_axis',(1.,0.,0.));
#2056=DIRECTION('ref_axis',(0.,1.,0.));
#2057=DIRECTION('',(0.,-1.,0.));
#2058=DIRECTION('',(0.,1.,0.));
#2059=DIRECTION('',(0.,0.,1.));
#2060=DIRECTION('center_axis',(0.,-1.,0.));
#2061=DIRECTION('ref_axis',(1.,0.,0.));
#2062=DIRECTION('',(-1.,0.,0.));
#2063=DIRECTION('',(1.,0.,0.));
#2064=DIRECTION('center_axis',(0.,0.,1.));
#2065=DIRECTION('ref_axis',(1.,0.,0.));
#2066=DIRECTION('center_axis',(0.,0.,1.));
#2067=DIRECTION('ref_axis',(1.,0.,0.));
#2068=DIRECTION('axis',(0.,0.,1.));
#2069=DIRECTION('refdir',(1.,0.,0.));
#2070=DIRECTION('center_axis',(0.,0.,1.));
#2071=DIRECTION('ref_axis',(1.,0.,0.));
#2072=DIRECTION('',(0.5,0.866025403784438,0.));
#2073=DIRECTION('',(-0.499999999999999,0.866025403784439,0.));
#2074=DIRECTION('',(-1.,1.69759042331012E-15,0.));
#2075=DIRECTION('',(-0.500000000000002,-0.866025403784438,0.));
#2076=DIRECTION('',(0.499999999999998,-0.86602540378444,0.));
#2077=DIRECTION('',(1.,-2.18261625854158E-15,0.));
#2078=DIRECTION('',(-0.5,-0.866025403784438,0.));
#2079=DIRECTION('',(-1.,2.11128409787369E-15,0.));
#2080=DIRECTION('',(-0.499999999999998,0.86602540378444,0.));
#2081=DIRECTION('',(0.500000000000002,0.866025403784438,0.));
#2082=DIRECTION('',(1.,-1.7387045511901E-15,0.));
#2083=DIRECTION('',(0.499999999999999,-0.866025403784439,0.));
#2084=DIRECTION('axis',(0.,0.,1.));
#2085=DIRECTION('refdir',(1.,0.,0.));
#2086=DIRECTION('center_axis',(0.866025403784439,0.499999999999999,0.));
#2087=DIRECTION('ref_axis',(-0.499999999999999,0.866025403784439,0.));
#2088=DIRECTION('',(-0.499999999999999,0.866025403784439,0.));
#2089=DIRECTION('',(0.,0.,1.));
#2090=DIRECTION('',(-0.499999999999999,0.866025403784439,0.));
#2091=DIRECTION('',(0.,0.,1.));
#2092=DIRECTION('center_axis',(0.866025403784438,-0.5,0.));
#2093=DIRECTION('ref_axis',(0.5,0.866025403784438,0.));
#2094=DIRECTION('',(0.5,0.866025403784438,0.));
#2095=DIRECTION('',(0.5,0.866025403784438,0.));
#2096=DIRECTION('',(0.,0.,1.));
#2097=DIRECTION('center_axis',(-2.11128409787369E-15,-1.,0.));
#2098=DIRECTION('ref_axis',(1.,-2.11128409787369E-15,0.));
#2099=DIRECTION('',(1.,-2.11128409787369E-15,0.));
#2100=DIRECTION('',(1.,-2.11128409787369E-15,0.));
#2101=DIRECTION('',(0.,0.,1.));
#2102=DIRECTION('center_axis',(-0.86602540378444,-0.499999999999998,0.));
#2103=DIRECTION('ref_axis',(0.499999999999998,-0.86602540378444,0.));
#2104=DIRECTION('',(0.499999999999998,-0.86602540378444,0.));
#2105=DIRECTION('',(0.499999999999998,-0.86602540378444,0.));
#2106=DIRECTION('',(0.,0.,1.));
#2107=DIRECTION('center_axis',(-0.866025403784438,0.500000000000002,0.));
#2108=DIRECTION('ref_axis',(-0.500000000000002,-0.866025403784438,0.));
#2109=DIRECTION('',(-0.500000000000002,-0.866025403784438,0.));
#2110=DIRECTION('',(-0.500000000000002,-0.866025403784438,0.));
#2111=DIRECTION('',(0.,0.,1.));
#2112=DIRECTION('center_axis',(1.7387045511901E-15,1.,0.));
#2113=DIRECTION('ref_axis',(-1.,1.7387045511901E-15,0.));
#2114=DIRECTION('',(-1.,1.7387045511901E-15,0.));
#2115=DIRECTION('',(-1.,1.7387045511901E-15,0.));
#2116=DIRECTION('center_axis',(0.,0.,1.));
#2117=DIRECTION('ref_axis',(1.,0.,0.));
#2118=DIRECTION('center_axis',(0.,0.,1.));
#2119=DIRECTION('ref_axis',(1.,0.,0.));
#2120=DIRECTION('axis',(0.,0.,1.));
#2121=DIRECTION('refdir',(1.,0.,0.));
#2122=DIRECTION('axis',(0.,0.,1.));
#2123=DIRECTION('refdir',(1.,0.,0.));
#2124=DIRECTION('center_axis',(0.,0.,1.));
#2125=DIRECTION('ref_axis',(1.,0.,0.));
#2126=DIRECTION('',(-1.,0.,0.));
#2127=DIRECTION('',(0.,0.,-1.));
#2128=DIRECTION('',(0.,0.,1.));
#2129=DIRECTION('',(0.,0.,1.));
#2130=DIRECTION('',(0.,0.,1.));
#2131=DIRECTION('',(0.,0.,1.));
#2132=DIRECTION('',(0.,0.,1.));
#2133=DIRECTION('',(0.,0.,1.));
#2134=DIRECTION('center_axis',(0.,-1.,0.));
#2135=DIRECTION('ref_axis',(1.,0.,0.));
#2136=DIRECTION('',(1.,0.,0.));
#2137=DIRECTION('',(0.,0.,1.));
#2138=DIRECTION('center_axis',(0.,0.,1.));
#2139=DIRECTION('ref_axis',(1.,0.,0.));
#2140=DIRECTION('axis',(0.,0.,1.));
#2141=DIRECTION('refdir',(1.,0.,0.));
#2142=DIRECTION('center_axis',(0.,0.766044443118978,0.642787609686539));
#2143=DIRECTION('ref_axis',(1.,0.,0.));
#2144=DIRECTION('center_axis',(0.,-0.766044443118978,-0.642787609686539));
#2145=DIRECTION('ref_axis',(0.,0.642787609686539,-0.766044443118978));
#2146=DIRECTION('center_axis',(0.,0.766044443118978,0.642787609686539));
#2147=DIRECTION('ref_axis',(1.,0.,0.));
#2148=DIRECTION('center_axis',(0.,0.766044443118978,0.642787609686539));
#2149=DIRECTION('ref_axis',(1.,0.,0.));
#2150=DIRECTION('center_axis',(0.,0.766044443118978,0.642787609686539));
#2151=DIRECTION('ref_axis',(1.,0.,0.));
#2152=DIRECTION('center_axis',(0.,0.766044443118978,0.642787609686539));
#2153=DIRECTION('ref_axis',(1.,0.,0.));
#2154=DIRECTION('',(0.,-0.766044443118978,-0.642787609686539));
#2155=DIRECTION('center_axis',(0.,-1.,0.));
#2156=DIRECTION('ref_axis',(0.,0.,-1.));
#2157=DIRECTION('center_axis',(0.,0.766044443118978,0.642787609686539));
#2158=DIRECTION('ref_axis',(1.,0.,0.));
#2159=DIRECTION('center_axis',(0.,1.,0.));
#2160=DIRECTION('ref_axis',(1.,0.,0.));
#2161=DIRECTION('center_axis',(0.,1.,0.));
#2162=DIRECTION('ref_axis',(1.,0.,0.));
#2163=DIRECTION('center_axis',(0.,-1.,0.));
#2164=DIRECTION('ref_axis',(1.,0.,0.));
#2165=DIRECTION('center_axis',(0.,-1.,0.));
#2166=DIRECTION('ref_axis',(1.,0.,0.));
#2167=DIRECTION('',(0.,1.,0.));
#2168=DIRECTION('center_axis',(0.,1.,0.));
#2169=DIRECTION('ref_axis',(1.,0.,0.));
#2170=DIRECTION('center_axis',(0.,1.,0.));
#2171=DIRECTION('ref_axis',(1.,0.,0.));
#2172=DIRECTION('center_axis',(0.,1.,0.));
#2173=DIRECTION('ref_axis',(1.,0.,0.));
#2174=DIRECTION('',(0.,-1.,0.));
#2175=DIRECTION('center_axis',(0.,1.,0.));
#2176=DIRECTION('ref_axis',(1.,0.,0.));
#2177=DIRECTION('center_axis',(0.,1.,0.));
#2178=DIRECTION('ref_axis',(1.,0.,0.));
#2179=DIRECTION('',(0.,0.,1.));
#2180=DIRECTION('',(1.,0.,0.));
#2181=DIRECTION('',(0.749855923711273,-0.156653064153174,0.642787609686539));
#2182=DIRECTION('',(0.20449605184179,0.978867388761685,0.));
#2183=DIRECTION('',(-0.696125151969553,0.319740303416431,0.642787609686539));
#2184=DIRECTION('',(-0.417391322773124,-0.908726847668595,0.));
#2185=DIRECTION('',(0.,0.,1.));
#2186=DIRECTION('',(1.,0.,0.));
#2187=DIRECTION('',(0.,-0.636078220277764,0.77162458338772));
#2188=DIRECTION('',(1.,0.,0.));
#2189=DIRECTION('',(0.707106781186547,1.45262733201754E-33,0.707106781186547));
#2190=DIRECTION('',(0.707106781186548,-6.01697941995511E-34,-0.707106781186548));
#2191=DIRECTION('',(0.550859897554538,-0.318039110138882,0.77162458338772));
#2192=DIRECTION('',(0.5,0.866025403784438,0.));
#2193=DIRECTION('',(0.550859897554538,0.318039110138882,0.77162458338772));
#2194=DIRECTION('',(-0.5,0.866025403784439,0.));
#2195=DIRECTION('',(7.78971156470509E-17,0.636078220277764,0.77162458338772));
#2196=DIRECTION('',(-1.,1.22464679914735E-16,0.));
#2197=DIRECTION('',(-0.550859897554537,0.318039110138882,0.77162458338772));
#2198=DIRECTION('',(-0.5,-0.866025403784438,0.));
#2199=DIRECTION('',(-0.550859897554538,-0.318039110138882,0.77162458338772));
#2200=DIRECTION('',(0.499999999999999,-0.866025403784439,0.));
#2201=DIRECTION('',(0.,-1.,-1.39944454204751E-16));
#2202=DIRECTION('',(1.,0.,0.));
#2203=DIRECTION('',(0.,0.,1.));
#2204=DIRECTION('',(1.,0.,0.));
#2205=DIRECTION('',(0.,-1.,-1.39944454204751E-16));
#2206=DIRECTION('',(1.,0.,0.));
#2207=DIRECTION('',(0.707106781186547,-1.45262733201754E-33,-0.707106781186547));
#2208=DIRECTION('',(-0.707106781186548,-6.01697941995511E-34,-0.707106781186548));
#2209=DIRECTION('',(0.707106781186547,-1.45262733201754E-33,-0.707106781186547));
#2210=DIRECTION('',(-0.707106781186548,-6.01697941995511E-34,-0.707106781186548));
#2211=DIRECTION('',(0.707106781186547,1.45262733201754E-33,0.707106781186547));
#2212=DIRECTION('',(0.707106781186548,-6.01697941995511E-34,-0.707106781186548));
#2213=DIRECTION('',(6.77479871478751E-16,-3.52785821217071E-17,1.));
#2214=DIRECTION('',(1.,-2.22044604925031E-16,1.07608144767916E-16));
#2215=DIRECTION('',(0.,0.,1.));
#2216=DIRECTION('',(1.,0.,0.));
#2217=DIRECTION('',(0.,0.,1.));
#2218=DIRECTION('',(1.,0.,0.));
#2219=DIRECTION('center_axis',(0.,0.,1.));
#2220=DIRECTION('ref_axis',(1.,0.,0.));
#2221=CARTESIAN_POINT('',(0.,0.,0.));
#2222=CARTESIAN_POINT('',(0.,0.,0.));
#2223=CARTESIAN_POINT('',(0.,0.,0.));
#2224=CARTESIAN_POINT('Origin',(0.,0.,0.));
#2225=CARTESIAN_POINT('',(8.62816615085482E-31,-210.,0.));
#2226=CARTESIAN_POINT('',(0.,0.,0.));
#2227=CARTESIAN_POINT('',(8.62816615085482E-31,-210.,0.));
#2228=CARTESIAN_POINT('',(0.,-210.,2.));
#2229=CARTESIAN_POINT('',(8.62816615085482E-31,-210.,0.));
#2230=CARTESIAN_POINT('',(0.,0.,2.));
#2231=CARTESIAN_POINT('',(8.62816615085482E-31,-210.,2.));
#2232=CARTESIAN_POINT('',(0.,0.,0.));
#2233=CARTESIAN_POINT('Origin',(60.,-4.93038065763132E-31,0.));
#2234=CARTESIAN_POINT('',(60.,-4.93038065763132E-31,0.));
#2235=CARTESIAN_POINT('',(0.,0.,0.));
#2236=CARTESIAN_POINT('',(60.,0.,2.));
#2237=CARTESIAN_POINT('',(0.,0.,2.));
#2238=CARTESIAN_POINT('',(60.,-4.93038065763132E-31,0.));
#2239=CARTESIAN_POINT('Origin',(60.,-210.,0.));
#2240=CARTESIAN_POINT('',(60.,-210.,0.));
#2241=CARTESIAN_POINT('',(60.,-4.93038065763132E-31,0.));
#2242=CARTESIAN_POINT('',(60.,-210.,2.));
#2243=CARTESIAN_POINT('',(60.,-4.93038065763132E-31,2.));
#2244=CARTESIAN_POINT('',(60.,-210.,0.));
#2245=CARTESIAN_POINT('Origin',(0.,-210.,0.));
#2246=CARTESIAN_POINT('',(60.,-210.,0.));
#2247=CARTESIAN_POINT('',(60.,-210.,2.));
#2248=CARTESIAN_POINT('Origin',(30.,-105.,2.));
#2249=CARTESIAN_POINT('Origin',(30.,-105.,0.));
#2250=CARTESIAN_POINT('',(0.,0.,0.));
#2251=CARTESIAN_POINT('Origin',(141.407610106988,83.7804948572042,-51.7219944423516));
#2252=CARTESIAN_POINT('',(181.878613858385,4.27014666573418E-31,2.));
#2253=CARTESIAN_POINT('',(178.98240648375,4.20214949992279E-31,0.));
#2254=CARTESIAN_POINT('',(93.5740336298748,8.88178419700125E-15,-58.97945955243));
#2255=CARTESIAN_POINT('',(210.,69.6245934296131,0.));
#2256=CARTESIAN_POINT('',(203.903063051614,55.9389167514729,-8.88178419700125E-15));
#2257=CARTESIAN_POINT('',(210.,63.1235326416063,2.));
#2258=CARTESIAN_POINT('',(210.,51.5562346016053,5.5585878727178));
#2259=CARTESIAN_POINT('',(206.319654044225,54.8623311168349,1.99999999999999));
#2260=CARTESIAN_POINT('Origin',(105.,100.,0.));
#2261=CARTESIAN_POINT('',(0.,69.6245934296134,0.));
#2262=CARTESIAN_POINT('',(31.0175935162505,7.28231157708534E-32,0.));
#2263=CARTESIAN_POINT('',(6.09693694838637,55.938916751473,0.));
#2264=CARTESIAN_POINT('',(0.,200.,0.));
#2265=CARTESIAN_POINT('',(0.,200.,0.));
#2266=CARTESIAN_POINT('',(210.,200.,0.));
#2267=CARTESIAN_POINT('',(210.,200.,0.));
#2268=CARTESIAN_POINT('',(210.,4.93038065763132E-31,0.));
#2269=CARTESIAN_POINT('',(0.,0.,0.));
#2270=CARTESIAN_POINT('Origin',(0.,0.,0.));
#2271=CARTESIAN_POINT('',(28.1213861416152,6.60233991897149E-32,2.));
#2272=CARTESIAN_POINT('',(45.3296972643263,1.77635683940025E-14,-9.88334183071282));
#2273=CARTESIAN_POINT('',(0.,0.,2.));
#2274=CARTESIAN_POINT('Origin',(210.,200.,0.));
#2275=CARTESIAN_POINT('',(0.,200.,2.));
#2276=CARTESIAN_POINT('',(0.,200.,0.));
#2277=CARTESIAN_POINT('',(210.,200.,2.));
#2278=CARTESIAN_POINT('',(210.,200.,2.));
#2279=CARTESIAN_POINT('',(210.,200.,0.));
#2280=CARTESIAN_POINT('Origin',(210.,4.93038065763132E-31,0.));
#2281=CARTESIAN_POINT('',(210.,4.93038065763132E-31,2.));
#2282=CARTESIAN_POINT('Origin',(105.,100.,2.));
#2283=CARTESIAN_POINT('',(0.,63.1235326416066,2.));
#2284=CARTESIAN_POINT('',(3.6803459557756,54.862331116835,2.));
#2285=CARTESIAN_POINT('',(0.,200.,2.));
#2286=CARTESIAN_POINT('Origin',(0.,200.,0.));
#2287=CARTESIAN_POINT('',(4.44089209850063E-15,142.91016414001,-22.545726951391));
#2288=CARTESIAN_POINT('Origin',(68.5923898930122,83.7804948572042,-51.7219944423516));
#2289=CARTESIAN_POINT('',(0.,0.,0.));
#2290=CARTESIAN_POINT('Origin',(-25.,-50.,0.));
#2291=CARTESIAN_POINT('',(-25.,-50.,0.));
#2292=CARTESIAN_POINT('',(25.,-50.,0.));
#2293=CARTESIAN_POINT('',(-25.,-50.,0.));
#2294=CARTESIAN_POINT('',(25.,-50.,50.));
#2295=CARTESIAN_POINT('',(25.,-50.,0.));
#2296=CARTESIAN_POINT('',(-25.,-50.,50.));
#2297=CARTESIAN_POINT('',(-25.,-50.,50.));
#2298=CARTESIAN_POINT('',(-25.,-50.,0.));
#2299=CARTESIAN_POINT('Origin',(-25.,50.,0.));
#2300=CARTESIAN_POINT('',(-25.,50.,0.));
#2301=CARTESIAN_POINT('',(-25.,50.,0.));
#2302=CARTESIAN_POINT('',(-25.,50.,50.));
#2303=CARTESIAN_POINT('',(-25.,50.,50.));
#2304=CARTESIAN_POINT('',(-25.,50.,0.));
#2305=CARTESIAN_POINT('Origin',(25.,50.,0.));
#2306=CARTESIAN_POINT('',(25.,50.,0.));
#2307=CARTESIAN_POINT('',(25.,50.,0.));
#2308=CARTESIAN_POINT('',(25.,50.,50.));
#2309=CARTESIAN_POINT('',(25.,50.,50.));
#2310=CARTESIAN_POINT('',(25.,50.,0.));
#2311=CARTESIAN_POINT('Origin',(25.,-50.,0.));
#2312=CARTESIAN_POINT('',(25.,-50.,0.));
#2313=CARTESIAN_POINT('',(25.,-50.,50.));
#2314=CARTESIAN_POINT('Origin',(0.,0.,50.));
#2315=CARTESIAN_POINT('Origin',(0.,0.,0.));
#2316=CARTESIAN_POINT('',(0.,0.,0.));
#2317=CARTESIAN_POINT('Origin',(0.,0.,0.));
#2318=CARTESIAN_POINT('',(-137.,1.77635683940025E-14,3.));
#2319=CARTESIAN_POINT('Origin',(0.,0.,3.));
#2320=CARTESIAN_POINT('',(-137.,1.67776611483187E-14,0.));
#2321=CARTESIAN_POINT('',(-137.,-1.67776611483187E-14,0.));
#2322=CARTESIAN_POINT('Origin',(0.,0.,0.));
#2323=CARTESIAN_POINT('Origin',(0.,0.,3.));
#2324=CARTESIAN_POINT('',(0.,50.,3.));
#2325=CARTESIAN_POINT('',(-2.00000002980232,50.,3.));
#2326=CARTESIAN_POINT('',(0.,50.,3.));
#2327=CARTESIAN_POINT('',(2.05432527401305E-31,-50.,3.));
#2328=CARTESIAN_POINT('',(1.02716263700653E-31,-25.,3.));
#2329=CARTESIAN_POINT('',(-2.00000002980232,-50.,3.));
#2330=CARTESIAN_POINT('',(-1.00000001490116,-50.,3.));
#2331=CARTESIAN_POINT('',(-2.00000002980232,25.,3.));
#2332=CARTESIAN_POINT('Origin',(-2.00000002980232,-50.,0.));
#2333=CARTESIAN_POINT('',(2.05432527401305E-31,-50.,70.7107));
#2334=CARTESIAN_POINT('',(2.05432527401305E-31,-50.,0.));
#2335=CARTESIAN_POINT('',(-2.00000002980232,-50.,70.7107));
#2336=CARTESIAN_POINT('',(0.,-50.,70.7107));
#2337=CARTESIAN_POINT('',(-2.00000002980232,-50.,0.));
#2338=CARTESIAN_POINT('Origin',(2.05432527401305E-31,-50.,0.));
#2339=CARTESIAN_POINT('',(0.,50.,70.7107));
#2340=CARTESIAN_POINT('',(0.,50.,0.));
#2341=CARTESIAN_POINT('',(8.62816615085482E-31,-210.,70.7107));
#2342=CARTESIAN_POINT('Origin',(-2.00000002980232,50.,0.));
#2343=CARTESIAN_POINT('',(-2.00000002980232,50.,70.7107));
#2344=CARTESIAN_POINT('',(-2.00000002980232,-50.,70.7107));
#2345=CARTESIAN_POINT('',(-2.00000002980232,50.,0.));
#2346=CARTESIAN_POINT('Origin',(0.,50.,0.));
#2347=CARTESIAN_POINT('',(-2.00000002980232,50.,70.7107));
#2348=CARTESIAN_POINT('Origin',(-1.00000001490116,0.,70.7107));
#2349=CARTESIAN_POINT('Origin',(-1.00000001490116,0.,0.));
#2350=CARTESIAN_POINT('',(0.,0.,0.));
#2351=CARTESIAN_POINT('',(0.,0.,0.));
#2352=CARTESIAN_POINT('Origin',(0.,-50.,25.));
#2353=CARTESIAN_POINT('',(-20.,-70.,25.));
#2354=CARTESIAN_POINT('Origin',(0.,-70.,25.));
#2355=CARTESIAN_POINT('',(-20.,-50.,25.));
#2356=CARTESIAN_POINT('',(-20.,-50.,25.));
#2357=CARTESIAN_POINT('Origin',(0.,-50.,25.));
#2358=CARTESIAN_POINT('Origin',(0.,-70.,25.));
#2359=CARTESIAN_POINT('Origin',(0.,-50.,25.));
#2360=CARTESIAN_POINT('',(0.,0.,-4.44089209850063E-16));
#2361=CARTESIAN_POINT('Origin',(-25.,-50.,0.));
#2362=CARTESIAN_POINT('',(-25.,-50.,0.));
#2363=CARTESIAN_POINT('',(25.,-50.,0.));
#2364=CARTESIAN_POINT('',(-25.,-50.,0.));
#2365=CARTESIAN_POINT('',(25.,-50.,50.));
#2366=CARTESIAN_POINT('',(25.,-50.,0.));
#2367=CARTESIAN_POINT('',(-25.,-50.,50.));
#2368=CARTESIAN_POINT('',(-25.,-50.,50.));
#2369=CARTESIAN_POINT('',(-25.,-50.,0.));
#2370=CARTESIAN_POINT('Origin',(-25.,50.,0.));
#2371=CARTESIAN_POINT('',(-25.,50.,0.));
#2372=CARTESIAN_POINT('',(-25.,50.,0.));
#2373=CARTESIAN_POINT('',(-25.,50.,50.));
#2374=CARTESIAN_POINT('',(-25.,50.,50.));
#2375=CARTESIAN_POINT('',(-25.,50.,0.));
#2376=CARTESIAN_POINT('Origin',(25.,50.,0.));
#2377=CARTESIAN_POINT('',(25.,50.,0.));
#2378=CARTESIAN_POINT('',(25.,50.,0.));
#2379=CARTESIAN_POINT('',(25.,50.,50.));
#2380=CARTESIAN_POINT('',(25.,50.,50.));
#2381=CARTESIAN_POINT('',(25.,50.,0.));
#2382=CARTESIAN_POINT('Origin',(25.,-50.,0.));
#2383=CARTESIAN_POINT('',(25.,-50.,0.));
#2384=CARTESIAN_POINT('',(25.,-50.,50.));
#2385=CARTESIAN_POINT('Origin',(0.,0.,50.));
#2386=CARTESIAN_POINT('Origin',(0.,0.,0.));
#2387=CARTESIAN_POINT('',(3.5527136788005E-15,0.,-1.77635683940025E-15));
#2388=CARTESIAN_POINT('',(0.,0.,0.));
#2389=CARTESIAN_POINT('Origin',(0.,0.,0.));
#2390=CARTESIAN_POINT('',(8.62816615085482E-31,-210.,0.));
#2391=CARTESIAN_POINT('',(0.,0.,0.));
#2392=CARTESIAN_POINT('',(8.62816615085482E-31,-210.,0.));
#2393=CARTESIAN_POINT('',(0.,0.,-2.));
#2394=CARTESIAN_POINT('',(0.,0.,0.));
#2395=CARTESIAN_POINT('',(0.,-210.,-2.));
#2396=CARTESIAN_POINT('',(8.62816615085482E-31,-210.,-2.));
#2397=CARTESIAN_POINT('',(8.62816615085482E-31,-210.,0.));
#2398=CARTESIAN_POINT('Origin',(60.,-4.93038065763132E-31,0.));
#2399=CARTESIAN_POINT('',(60.,-4.93038065763132E-31,0.));
#2400=CARTESIAN_POINT('',(0.,0.,0.));
#2401=CARTESIAN_POINT('',(60.,0.,-2.));
#2402=CARTESIAN_POINT('',(60.,-4.93038065763132E-31,0.));
#2403=CARTESIAN_POINT('',(0.,0.,-2.));
#2404=CARTESIAN_POINT('Origin',(60.,-210.,0.));
#2405=CARTESIAN_POINT('',(60.,-210.,0.));
#2406=CARTESIAN_POINT('',(60.,-4.93038065763132E-31,0.));
#2407=CARTESIAN_POINT('',(60.,-210.,-2.));
#2408=CARTESIAN_POINT('',(60.,-210.,0.));
#2409=CARTESIAN_POINT('',(60.,-4.93038065763132E-31,-2.));
#2410=CARTESIAN_POINT('Origin',(0.,-210.,0.));
#2411=CARTESIAN_POINT('',(60.,-210.,0.));
#2412=CARTESIAN_POINT('',(60.,-210.,-2.));
#2413=CARTESIAN_POINT('Origin',(30.,-105.,-2.));
#2414=CARTESIAN_POINT('Origin',(30.,-105.,0.));
#2415=CARTESIAN_POINT('',(0.,0.,0.));
#2416=CARTESIAN_POINT('Origin',(0.,0.,0.));
#2417=CARTESIAN_POINT('',(8.62816615085482E-31,-210.,0.));
#2418=CARTESIAN_POINT('',(0.,0.,0.));
#2419=CARTESIAN_POINT('',(8.62816615085482E-31,-210.,0.));
#2420=CARTESIAN_POINT('',(0.,0.,-2.));
#2421=CARTESIAN_POINT('',(0.,0.,0.));
#2422=CARTESIAN_POINT('',(0.,-210.,-2.));
#2423=CARTESIAN_POINT('',(8.62816615085482E-31,-210.,-2.));
#2424=CARTESIAN_POINT('',(8.62816615085482E-31,-210.,0.));
#2425=CARTESIAN_POINT('Origin',(60.,-4.93038065763132E-31,0.));
#2426=CARTESIAN_POINT('',(60.,-4.93038065763132E-31,0.));
#2427=CARTESIAN_POINT('',(0.,0.,0.));
#2428=CARTESIAN_POINT('',(60.,0.,-2.));
#2429=CARTESIAN_POINT('',(60.,-4.93038065763132E-31,0.));
#2430=CARTESIAN_POINT('',(0.,0.,-2.));
#2431=CARTESIAN_POINT('Origin',(60.,-210.,0.));
#2432=CARTESIAN_POINT('',(60.,-210.,0.));
#2433=CARTESIAN_POINT('',(60.,-4.93038065763132E-31,0.));
#2434=CARTESIAN_POINT('',(60.,-210.,-2.));
#2435=CARTESIAN_POINT('',(60.,-210.,0.));
#2436=CARTESIAN_POINT('',(60.,-4.93038065763132E-31,-2.));
#2437=CARTESIAN_POINT('Origin',(0.,-210.,0.));
#2438=CARTESIAN_POINT('',(60.,-210.,0.));
#2439=CARTESIAN_POINT('',(60.,-210.,-2.));
#2440=CARTESIAN_POINT('Origin',(30.,-105.,-2.));
#2441=CARTESIAN_POINT('Origin',(30.,-105.,0.));
#2442=CARTESIAN_POINT('',(0.,0.,0.));
#2443=CARTESIAN_POINT('Origin',(0.,0.,0.));
#2444=CARTESIAN_POINT('',(8.62816615085482E-31,-210.,0.));
#2445=CARTESIAN_POINT('',(0.,0.,0.));
#2446=CARTESIAN_POINT('',(8.62816615085482E-31,-210.,0.));
#2447=CARTESIAN_POINT('',(0.,-210.,2.));
#2448=CARTESIAN_POINT('',(8.62816615085482E-31,-210.,0.));
#2449=CARTESIAN_POINT('',(0.,0.,2.));
#2450=CARTESIAN_POINT('',(8.62816615085482E-31,-210.,2.));
#2451=CARTESIAN_POINT('',(0.,0.,0.));
#2452=CARTESIAN_POINT('Origin',(60.,-4.93038065763132E-31,0.));
#2453=CARTESIAN_POINT('',(60.,-4.93038065763132E-31,0.));
#2454=CARTESIAN_POINT('',(0.,0.,0.));
#2455=CARTESIAN_POINT('',(60.,0.,2.));
#2456=CARTESIAN_POINT('',(0.,0.,2.));
#2457=CARTESIAN_POINT('',(60.,-4.93038065763132E-31,0.));
#2458=CARTESIAN_POINT('Origin',(60.,-210.,0.));
#2459=CARTESIAN_POINT('',(60.,-210.,0.));
#2460=CARTESIAN_POINT('',(60.,-4.93038065763132E-31,0.));
#2461=CARTESIAN_POINT('',(60.,-210.,2.));
#2462=CARTESIAN_POINT('',(60.,-4.93038065763132E-31,2.));
#2463=CARTESIAN_POINT('',(60.,-210.,0.));
#2464=CARTESIAN_POINT('Origin',(0.,-210.,0.));
#2465=CARTESIAN_POINT('',(60.,-210.,0.));
#2466=CARTESIAN_POINT('',(60.,-210.,2.));
#2467=CARTESIAN_POINT('Origin',(30.,-105.,2.));
#2468=CARTESIAN_POINT('Origin',(30.,-105.,0.));
#2469=CARTESIAN_POINT('',(0.,0.,0.));
#2470=CARTESIAN_POINT('Origin',(7.99360577730113E-14,7.32747196252603E-14,
0.));
#2471=CARTESIAN_POINT('',(73.2479266203436,-126.869130455512,0.));
#2472=CARTESIAN_POINT('',(146.495853240687,-1.02140518265514E-13,0.));
#2473=CARTESIAN_POINT('',(73.2479266203435,-126.869130455512,0.));
#2474=CARTESIAN_POINT('',(73.2479266203438,126.869130455512,0.));
#2475=CARTESIAN_POINT('',(146.495853240687,-1.02140518265514E-13,0.));
#2476=CARTESIAN_POINT('',(-73.2479266203433,126.869130455512,0.));
#2477=CARTESIAN_POINT('',(73.2479266203438,126.869130455512,0.));
#2478=CARTESIAN_POINT('',(-146.495853240687,3.86357612569554E-13,0.));
#2479=CARTESIAN_POINT('',(-73.2479266203433,126.869130455512,0.));
#2480=CARTESIAN_POINT('',(-73.2479266203437,-126.869130455512,0.));
#2481=CARTESIAN_POINT('',(-146.495853240687,3.86357612569554E-13,0.));
#2482=CARTESIAN_POINT('',(-73.2479266203437,-126.869130455512,0.));
#2483=CARTESIAN_POINT('',(143.031751625549,-1.06581410364015E-13,0.));
#2484=CARTESIAN_POINT('',(71.5158758127747,-123.869130455512,0.));
#2485=CARTESIAN_POINT('',(71.5158758127747,-123.869130455512,0.));
#2486=CARTESIAN_POINT('',(-71.5158758127749,-123.869130455512,0.));
#2487=CARTESIAN_POINT('',(-71.5158758127749,-123.869130455512,0.));
#2488=CARTESIAN_POINT('',(-143.031751625549,3.90798504668055E-13,0.));
#2489=CARTESIAN_POINT('',(-143.031751625549,3.90798504668055E-13,0.));
#2490=CARTESIAN_POINT('',(-71.5158758127744,123.869130455512,0.));
#2491=CARTESIAN_POINT('',(-71.5158758127744,123.869130455512,0.));
#2492=CARTESIAN_POINT('',(71.515875812775,123.869130455512,0.));
#2493=CARTESIAN_POINT('',(71.515875812775,123.869130455512,0.));
#2494=CARTESIAN_POINT('',(143.031751625549,-1.06581410364015E-13,0.));
#2495=CARTESIAN_POINT('Ctrl Pts',(146.495853240687,-1.02140518265514E-13,
0.));
#2496=CARTESIAN_POINT('Ctrl Pts',(138.988506592156,-1.92439836086357E-13,
-218.280833784228));
#2497=CARTESIAN_POINT('Ctrl Pts',(137.833806053777,-1.93920133452523E-13,
-218.280833784228));
#2498=CARTESIAN_POINT('Ctrl Pts',(143.031751625549,-1.06581410364015E-13,
0.));
#2499=CARTESIAN_POINT('Ctrl Pts',(139.519860229226,12.0827743290963,0.));
#2500=CARTESIAN_POINT('Ctrl Pts',(141.263916033409,14.6840912844288,-218.280833784228));
#2501=CARTESIAN_POINT('Ctrl Pts',(140.164201234952,14.5888531891907,-218.280833784228));
#2502=CARTESIAN_POINT('Ctrl Pts',(136.220715833857,11.797060043382,0.));
#2503=CARTESIAN_POINT('Ctrl Pts',(125.567874206303,36.248322987289,0.));
#2504=CARTESIAN_POINT('Ctrl Pts',(140.188317963587,44.0510382802982,-218.280833784228));
#2505=CARTESIAN_POINT('Ctrl Pts',(139.198574644976,43.7653239945839,-218.280833784228));
#2506=CARTESIAN_POINT('Ctrl Pts',(122.598644250471,35.3911801301462,0.));
#2507=CARTESIAN_POINT('Ctrl Pts',(104.63989517192,72.4966459745782,0.));
#2508=CARTESIAN_POINT('Ctrl Pts',(122.496189780913,83.1405688066738,-218.280833784228));
#2509=CARTESIAN_POINT('Ctrl Pts',(121.67140368207,82.5691402352452,-218.280833784228));
#2510=CARTESIAN_POINT('Ctrl Pts',(102.165536875393,70.7823602602925,0.));
#2511=CARTESIAN_POINT('Ctrl Pts',(87.1999126432664,102.703581797319,0.));
#2512=CARTESIAN_POINT('Ctrl Pts',(96.15847391176,107.811278045501,-218.280833784228));
#2513=CARTESIAN_POINT('Ctrl Pts',(95.4711521627247,107.001754235978,-218.280833784228));
#2514=CARTESIAN_POINT('Ctrl Pts',(85.1379473961606,100.275010368748,0.));
#2515=CARTESIAN_POINT('Ctrl Pts',(76.7359231260745,120.827743290964,0.));
#2516=CARTESIAN_POINT('Ctrl Pts',(76.4185304197774,117.676900174136,-218.280833784228));
#2517=CARTESIAN_POINT('Ctrl Pts',(75.8136872806264,116.724519221755,-218.280833784228));
#2518=CARTESIAN_POINT('Ctrl Pts',(74.9213937086214,117.970600433821,0.));
#2519=CARTESIAN_POINT('Ctrl Pts',(73.2479266203438,126.869130455512,0.));
#2520=CARTESIAN_POINT('Ctrl Pts',(69.4942532960782,120.367577542868,-218.280833784228));
#2521=CARTESIAN_POINT('Ctrl Pts',(68.9169030268886,119.367577542868,-218.280833784228));
#2522=CARTESIAN_POINT('Ctrl Pts',(71.515875812775,123.869130455512,0.));
#2523=CARTESIAN_POINT('',(140.,-1.70974345792274E-13,-163.7106));
#2524=CARTESIAN_POINT('Ctrl Pts',(146.495853240687,-1.02140518265514E-13,
0.));
#2525=CARTESIAN_POINT('Ctrl Pts',(142.743656661979,-1.47272414693045E-13,
-109.097479584623));
#2526=CARTESIAN_POINT('Ctrl Pts',(140.578372248416,-1.70217023868631E-13,
-163.667679584623));
#2527=CARTESIAN_POINT('Ctrl Pts',(140.,-1.70974345792274E-13,-163.7106));
#2528=CARTESIAN_POINT('Ctrl Pts',(140.,-1.70974345792274E-13,-163.7106));
#2529=CARTESIAN_POINT('Ctrl Pts',(139.421172493641,-1.71732263831692E-13,
-163.753554199605));
#2530=CARTESIAN_POINT('Ctrl Pts',(140.431756368824,-1.50267952022272E-13,
-109.183354199605));
#2531=CARTESIAN_POINT('Ctrl Pts',(143.031751625549,-1.06581410364015E-13,
0.));
#2532=CARTESIAN_POINT('',(70.0000000000001,121.243556529821,-163.7106));
#2533=CARTESIAN_POINT('Ctrl Pts',(70.0000000000001,121.243556529821,-163.7106));
#2534=CARTESIAN_POINT('Ctrl Pts',(69.7105862468205,120.742277204905,-163.753554199605));
#2535=CARTESIAN_POINT('Ctrl Pts',(70.2158781844121,121.617468513468,-109.183354199605));
#2536=CARTESIAN_POINT('Ctrl Pts',(71.515875812775,123.869130455512,0.));
#2537=CARTESIAN_POINT('Ctrl Pts',(73.2479266203438,126.869130455512,0.));
#2538=CARTESIAN_POINT('Ctrl Pts',(71.3718283309895,123.619632898357,-109.097479584623));
#2539=CARTESIAN_POINT('Ctrl Pts',(70.2891861242083,121.744441589794,-163.667679584623));
#2540=CARTESIAN_POINT('Ctrl Pts',(70.0000000000001,121.243556529821,-163.7106));
#2541=CARTESIAN_POINT('Ctrl Pts',(73.2479266203438,126.869130455512,0.));
#2542=CARTESIAN_POINT('Ctrl Pts',(69.4942532960781,120.367577542868,-218.280833784228));
#2543=CARTESIAN_POINT('Ctrl Pts',(68.9169030268885,119.367577542868,-218.280833784228));
#2544=CARTESIAN_POINT('Ctrl Pts',(71.515875812775,123.869130455512,0.));
#2545=CARTESIAN_POINT('Ctrl Pts',(59.2959405974212,126.869130455512,0.));
#2546=CARTESIAN_POINT('Ctrl Pts',(57.9151619328993,129.680185565218,-218.280833784228));
#2547=CARTESIAN_POINT('Ctrl Pts',(57.4477831435553,128.680185565218,-218.280833784228));
#2548=CARTESIAN_POINT('Ctrl Pts',(57.8938042293893,123.869130455512,0.));
#2549=CARTESIAN_POINT('Ctrl Pts',(31.3919685515761,126.869130455512,0.));
#2550=CARTESIAN_POINT('Ctrl Pts',(31.9448407679746,143.432163810426,-218.280833784228));
#2551=CARTESIAN_POINT('Ctrl Pts',(31.6974049383219,142.432163810426,-218.280833784228));
#2552=CARTESIAN_POINT('Ctrl Pts',(30.649661062618,123.869130455512,0.));
#2553=CARTESIAN_POINT('Ctrl Pts',(-10.4639895171917,126.869130455512,0.));
#2554=CARTESIAN_POINT('Ctrl Pts',(-10.7537497812113,147.655096620407,-218.280833784228));
#2555=CARTESIAN_POINT('Ctrl Pts',(-10.671271171327,146.655096620407,-218.280833784228));
#2556=CARTESIAN_POINT('Ctrl Pts',(-10.2165536875389,123.869130455512,0.));
#2557=CARTESIAN_POINT('Ctrl Pts',(-45.3439545744982,126.869130455512,0.));
#2558=CARTESIAN_POINT('Ctrl Pts',(-45.2880686459917,137.181320219478,-218.280833784228));
#2559=CARTESIAN_POINT('Ctrl Pts',(-44.9306613364934,136.181320219478,-218.280833784228));
#2560=CARTESIAN_POINT('Ctrl Pts',(-44.2717326460031,123.869130455512,0.));
#2561=CARTESIAN_POINT('Ctrl Pts',(-66.2719336088821,126.869130455512,0.));
#2562=CARTESIAN_POINT('Ctrl Pts',(-63.7019197795185,125.018838750469,-218.280833784228));
#2563=CARTESIAN_POINT('Ctrl Pts',(-63.1795552502516,124.018838750469,-218.280833784228));
#2564=CARTESIAN_POINT('Ctrl Pts',(-64.7048400210816,123.869130455512,0.));
#2565=CARTESIAN_POINT('Ctrl Pts',(-73.2479266203433,126.869130455512,0.));
#2566=CARTESIAN_POINT('Ctrl Pts',(-69.4942532960779,120.367577542868,-218.280833784228));
#2567=CARTESIAN_POINT('Ctrl Pts',(-68.9169030268882,119.367577542868,-218.280833784228));
#2568=CARTESIAN_POINT('Ctrl Pts',(-71.5158758127744,123.869130455512,0.));
#2569=CARTESIAN_POINT('',(-69.9999999999997,121.243556529822,-163.7106));
#2570=CARTESIAN_POINT('Ctrl Pts',(-69.9999999999997,121.243556529822,-163.7106));
#2571=CARTESIAN_POINT('Ctrl Pts',(-69.7105862468201,120.742277204905,-163.753554199605));
#2572=CARTESIAN_POINT('Ctrl Pts',(-70.2158781844116,121.617468513469,-109.183354199605));
#2573=CARTESIAN_POINT('Ctrl Pts',(-71.5158758127744,123.869130455512,0.));
#2574=CARTESIAN_POINT('Ctrl Pts',(-73.2479266203433,126.869130455512,0.));
#2575=CARTESIAN_POINT('Ctrl Pts',(-71.3718283309891,123.619632898358,-109.097479584623));
#2576=CARTESIAN_POINT('Ctrl Pts',(-70.2891861242079,121.744441589794,-163.667679584623));
#2577=CARTESIAN_POINT('Ctrl Pts',(-69.9999999999997,121.243556529822,-163.7106));
#2578=CARTESIAN_POINT('Ctrl Pts',(-73.2479266203433,126.869130455512,0.));
#2579=CARTESIAN_POINT('Ctrl Pts',(-69.4942532960778,120.367577542868,-218.280833784228));
#2580=CARTESIAN_POINT('Ctrl Pts',(-68.9169030268882,119.367577542868,-218.280833784228));
#2581=CARTESIAN_POINT('Ctrl Pts',(-71.5158758127744,123.869130455512,0.));
#2582=CARTESIAN_POINT('Ctrl Pts',(-80.2239196318046,114.786356126416,0.));
#2583=CARTESIAN_POINT('Ctrl Pts',(-83.3487541005094,114.996094280789,-218.280833784228));
#2584=CARTESIAN_POINT('Ctrl Pts',(-82.7164180913969,114.091332376028,-218.280833784228));
#2585=CARTESIAN_POINT('Ctrl Pts',(-78.3269116044672,112.07207041213,0.));
#2586=CARTESIAN_POINT('Ctrl Pts',(-94.1759056547272,90.620807468223,0.));
#2587=CARTESIAN_POINT('Ctrl Pts',(-108.243477195613,99.3811255301279,-218.280833784228));
#2588=CARTESIAN_POINT('Ctrl Pts',(-107.501169706654,98.6668398158422,-218.280833784228));
#2589=CARTESIAN_POINT('Ctrl Pts',(-91.9489831878529,88.4779503253659,0.));
#2590=CARTESIAN_POINT('Ctrl Pts',(-115.103884689111,54.372484480934,0.));
#2591=CARTESIAN_POINT('Ctrl Pts',(-133.249939562124,64.5145278137332,-218.280833784228));
#2592=CARTESIAN_POINT('Ctrl Pts',(-132.342674853397,64.0859563851617,-218.280833784228));
#2593=CARTESIAN_POINT('Ctrl Pts',(-112.382090562931,53.0867701952197,0.));
#2594=CARTESIAN_POINT('Ctrl Pts',(-132.543867217764,24.1655486581931,0.));
#2595=CARTESIAN_POINT('Ctrl Pts',(-141.446542557752,29.3700421739767,-218.280833784228));
#2596=CARTESIAN_POINT('Ctrl Pts',(-140.401813499218,29.1795659835006,-218.280833784228));
#2597=CARTESIAN_POINT('Ctrl Pts',(-129.409680042164,23.5941200867645,0.));
#2598=CARTESIAN_POINT('Ctrl Pts',(-143.007856734956,6.04138716454859,0.));
#2599=CARTESIAN_POINT('Ctrl Pts',(-140.120450199296,7.34193857633334,-218.280833784228));
#2600=CARTESIAN_POINT('Ctrl Pts',(-138.993242530878,7.29431952871424,-218.280833784228));
#2601=CARTESIAN_POINT('Ctrl Pts',(-139.626233729703,5.89853002169139,0.));
#2602=CARTESIAN_POINT('Ctrl Pts',(-146.495853240687,4.08562073062058E-13,
0.));
#2603=CARTESIAN_POINT('Ctrl Pts',(-138.988506592156,3.18905558836985E-13,
-218.280833784228));
#2604=CARTESIAN_POINT('Ctrl Pts',(-137.833806053777,3.01141990442983E-13,
-218.280833784228));
#2605=CARTESIAN_POINT('Ctrl Pts',(-143.031751625549,3.5527136788005E-13,
0.));
#2606=CARTESIAN_POINT('',(-140.,2.31544902327972E-13,-163.7106));
#2607=CARTESIAN_POINT('Ctrl Pts',(-140.,2.31544902327972E-13,-163.7106));
#2608=CARTESIAN_POINT('Ctrl Pts',(-139.421172493641,2.32244140245124E-13,
-163.753554199605));
#2609=CARTESIAN_POINT('Ctrl Pts',(-140.431756368824,2.85328674358485E-13,
-109.183354199605));
#2610=CARTESIAN_POINT('Ctrl Pts',(-143.031751625549,3.90798504668055E-13,
0.));
#2611=CARTESIAN_POINT('Ctrl Pts',(-146.495853240687,3.86357612569554E-13,
0.));
#2612=CARTESIAN_POINT('Ctrl Pts',(-142.743656661979,2.82450451120848E-13,
-109.097479584623));
#2613=CARTESIAN_POINT('Ctrl Pts',(-140.578372248416,2.30846214373654E-13,
-163.667679584623));
#2614=CARTESIAN_POINT('Ctrl Pts',(-140.,2.31544902327972E-13,-163.7106));
#2615=CARTESIAN_POINT('Ctrl Pts',(-146.495853240687,3.86357612569554E-13,
0.));
#2616=CARTESIAN_POINT('Ctrl Pts',(-138.988506592156,1.78461500546333E-13,
-218.280833784228));
#2617=CARTESIAN_POINT('Ctrl Pts',(-137.833806053777,1.799417979125E-13,
-218.280833784228));
#2618=CARTESIAN_POINT('Ctrl Pts',(-143.031751625549,3.90798504668055E-13,
0.));
#2619=CARTESIAN_POINT('Ctrl Pts',(-139.519860229226,-12.082774329096,0.));
#2620=CARTESIAN_POINT('Ctrl Pts',(-141.263916033409,-14.6840912844288,-218.280833784228));
#2621=CARTESIAN_POINT('Ctrl Pts',(-140.164201234952,-14.5888531891908,-218.280833784228));
#2622=CARTESIAN_POINT('Ctrl Pts',(-136.220715833856,-11.7970600433817,0.));
#2623=CARTESIAN_POINT('Ctrl Pts',(-125.567874206303,-36.2483229872888,0.));
#2624=CARTESIAN_POINT('Ctrl Pts',(-140.188317963587,-44.0510382802982,-218.280833784228));
#2625=CARTESIAN_POINT('Ctrl Pts',(-139.198574644977,-43.7653239945838,-218.280833784228));
#2626=CARTESIAN_POINT('Ctrl Pts',(-122.598644250471,-35.3911801301459,0.));
#2627=CARTESIAN_POINT('Ctrl Pts',(-104.639895171919,-72.4966459745779,0.));
#2628=CARTESIAN_POINT('Ctrl Pts',(-122.496189780913,-83.1405688066738,-218.280833784228));
#2629=CARTESIAN_POINT('Ctrl Pts',(-121.67140368207,-82.5691402352453,-218.280833784228));
#2630=CARTESIAN_POINT('Ctrl Pts',(-102.165536875392,-70.7823602602922,0.));
#2631=CARTESIAN_POINT('Ctrl Pts',(-87.1999126432663,-102.703581797319,0.));
#2632=CARTESIAN_POINT('Ctrl Pts',(-96.1584739117601,-107.811278045501,-218.280833784228));
#2633=CARTESIAN_POINT('Ctrl Pts',(-95.4711521627248,-107.001754235978,-218.280833784228));
#2634=CARTESIAN_POINT('Ctrl Pts',(-85.1379473961605,-100.275010368747,0.));
#2635=CARTESIAN_POINT('Ctrl Pts',(-76.7359231260744,-120.827743290963,0.));
#2636=CARTESIAN_POINT('Ctrl Pts',(-76.4185304197775,-117.676900174136,-218.280833784228));
#2637=CARTESIAN_POINT('Ctrl Pts',(-75.8136872806265,-116.724519221755,-218.280833784228));
#2638=CARTESIAN_POINT('Ctrl Pts',(-74.9213937086213,-117.970600433821,0.));
#2639=CARTESIAN_POINT('Ctrl Pts',(-73.2479266203437,-126.869130455512,0.));
#2640=CARTESIAN_POINT('Ctrl Pts',(-69.4942532960783,-120.367577542868,-218.280833784228));
#2641=CARTESIAN_POINT('Ctrl Pts',(-68.9169030268887,-119.367577542868,-218.280833784228));
#2642=CARTESIAN_POINT('Ctrl Pts',(-71.5158758127749,-123.869130455512,0.));
#2643=CARTESIAN_POINT('',(-70.0000000000002,-121.243556529821,-163.7106));
#2644=CARTESIAN_POINT('Ctrl Pts',(-70.0000000000002,-121.243556529821,-163.7106));
#2645=CARTESIAN_POINT('Ctrl Pts',(-69.7105862468205,-120.742277204905,-163.753554199605));
#2646=CARTESIAN_POINT('Ctrl Pts',(-70.2158781844121,-121.617468513468,-109.183354199605));
#2647=CARTESIAN_POINT('Ctrl Pts',(-71.5158758127749,-123.869130455512,0.));
#2648=CARTESIAN_POINT('Ctrl Pts',(-73.2479266203437,-126.869130455512,0.));
#2649=CARTESIAN_POINT('Ctrl Pts',(-71.3718283309896,-123.619632898357,-109.097479584623));
#2650=CARTESIAN_POINT('Ctrl Pts',(-70.2891861242084,-121.744441589794,-163.667679584623));
#2651=CARTESIAN_POINT('Ctrl Pts',(-70.0000000000002,-121.243556529821,-163.7106));
#2652=CARTESIAN_POINT('Ctrl Pts',(-73.2479266203437,-126.869130455512,0.));
#2653=CARTESIAN_POINT('Ctrl Pts',(-69.4942532960783,-120.367577542868,-218.280833784228));
#2654=CARTESIAN_POINT('Ctrl Pts',(-68.9169030268887,-119.367577542868,-218.280833784228));
#2655=CARTESIAN_POINT('Ctrl Pts',(-71.5158758127749,-123.869130455512,0.));
#2656=CARTESIAN_POINT('Ctrl Pts',(-59.2959405974211,-126.869130455512,0.));
#2657=CARTESIAN_POINT('Ctrl Pts',(-57.9151619328995,-129.680185565218,-218.280833784228));
#2658=CARTESIAN_POINT('Ctrl Pts',(-57.4477831435555,-128.680185565218,-218.280833784228));
#2659=CARTESIAN_POINT('Ctrl Pts',(-57.8938042293892,-123.869130455512,0.));
#2660=CARTESIAN_POINT('Ctrl Pts',(-31.3919685515759,-126.869130455512,0.));
#2661=CARTESIAN_POINT('Ctrl Pts',(-31.9448407679747,-143.432163810426,-218.280833784228));
#2662=CARTESIAN_POINT('Ctrl Pts',(-31.697404938322,-142.432163810426,-218.280833784228));
#2663=CARTESIAN_POINT('Ctrl Pts',(-30.6496610626178,-123.869130455512,0.));
#2664=CARTESIAN_POINT('Ctrl Pts',(10.4639895171919,-126.869130455512,0.));
#2665=CARTESIAN_POINT('Ctrl Pts',(10.7537497812112,-147.655096620407,-218.280833784228));
#2666=CARTESIAN_POINT('Ctrl Pts',(10.671271171327,-146.655096620407,-218.280833784228));
#2667=CARTESIAN_POINT('Ctrl Pts',(10.2165536875392,-123.869130455512,0.));
#2668=CARTESIAN_POINT('Ctrl Pts',(45.3439545744984,-126.869130455512,0.));
#2669=CARTESIAN_POINT('Ctrl Pts',(45.2880686459918,-137.181320219478,-218.280833784228));
#2670=CARTESIAN_POINT('Ctrl Pts',(44.9306613364934,-136.181320219478,-218.280833784228));
#2671=CARTESIAN_POINT('Ctrl Pts',(44.2717326460034,-123.869130455512,0.));
#2672=CARTESIAN_POINT('Ctrl Pts',(66.2719336088823,-126.869130455512,0.));
#2673=CARTESIAN_POINT('Ctrl Pts',(63.7019197795184,-125.018838750469,-218.280833784228));
#2674=CARTESIAN_POINT('Ctrl Pts',(63.1795552502516,-124.018838750469,-218.280833784228));
#2675=CARTESIAN_POINT('Ctrl Pts',(64.7048400210819,-123.869130455512,0.));
#2676=CARTESIAN_POINT('Ctrl Pts',(73.2479266203436,-126.869130455512,0.));
#2677=CARTESIAN_POINT('Ctrl Pts',(69.4942532960779,-120.367577542868,-218.280833784228));
#2678=CARTESIAN_POINT('Ctrl Pts',(68.9169030268882,-119.367577542868,-218.280833784228));
#2679=CARTESIAN_POINT('Ctrl Pts',(71.5158758127747,-123.869130455512,0.));
#2680=CARTESIAN_POINT('',(69.9999999999999,-121.243556529821,-163.7106));
#2681=CARTESIAN_POINT('Ctrl Pts',(69.9999999999999,-121.243556529821,-163.7106));
#2682=CARTESIAN_POINT('Ctrl Pts',(69.7105862468202,-120.742277204905,-163.753554199605));
#2683=CARTESIAN_POINT('Ctrl Pts',(70.2158781844118,-121.617468513469,-109.183354199605));
#2684=CARTESIAN_POINT('Ctrl Pts',(71.5158758127747,-123.869130455512,0.));
#2685=CARTESIAN_POINT('Ctrl Pts',(73.2479266203436,-126.869130455512,0.));
#2686=CARTESIAN_POINT('Ctrl Pts',(71.3718283309893,-123.619632898357,-109.097479584623));
#2687=CARTESIAN_POINT('Ctrl Pts',(70.289186124208,-121.744441589794,-163.667679584623));
#2688=CARTESIAN_POINT('Ctrl Pts',(69.9999999999999,-121.243556529821,-163.7106));
#2689=CARTESIAN_POINT('Ctrl Pts',(73.2479266203435,-126.869130455512,0.));
#2690=CARTESIAN_POINT('Ctrl Pts',(69.4942532960778,-120.367577542868,-218.280833784228));
#2691=CARTESIAN_POINT('Ctrl Pts',(68.9169030268882,-119.367577542868,-218.280833784228));
#2692=CARTESIAN_POINT('Ctrl Pts',(71.5158758127747,-123.869130455512,0.));
#2693=CARTESIAN_POINT('Ctrl Pts',(80.2239196318048,-114.786356126416,0.));
#2694=CARTESIAN_POINT('Ctrl Pts',(83.3487541005094,-114.996094280789,-218.280833784228));
#2695=CARTESIAN_POINT('Ctrl Pts',(82.7164180913969,-114.091332376028,-218.280833784228));
#2696=CARTESIAN_POINT('Ctrl Pts',(78.3269116044675,-112.07207041213,0.));
#2697=CARTESIAN_POINT('Ctrl Pts',(94.1759056547274,-90.6208074682228,0.));
#2698=CARTESIAN_POINT('Ctrl Pts',(108.243477195613,-99.3811255301278,-218.280833784228));
#2699=CARTESIAN_POINT('Ctrl Pts',(107.501169706655,-98.6668398158421,-218.280833784228));
#2700=CARTESIAN_POINT('Ctrl Pts',(91.9489831878531,-88.4779503253657,0.));
#2701=CARTESIAN_POINT('Ctrl Pts',(115.103884689111,-54.3724844809338,0.));
#2702=CARTESIAN_POINT('Ctrl Pts',(133.249939562124,-64.5145278137332,-218.280833784228));
#2703=CARTESIAN_POINT('Ctrl Pts',(132.342674853397,-64.0859563851617,-218.280833784228));
#2704=CARTESIAN_POINT('Ctrl Pts',(112.382090562932,-53.0867701952195,0.));
#2705=CARTESIAN_POINT('Ctrl Pts',(132.543867217765,-24.1655486581928,0.));
#2706=CARTESIAN_POINT('Ctrl Pts',(141.446542557752,-29.3700421739767,-218.280833784228));
#2707=CARTESIAN_POINT('Ctrl Pts',(140.401813499218,-29.1795659835005,-218.280833784228));
#2708=CARTESIAN_POINT('Ctrl Pts',(129.409680042164,-23.5941200867643,0.));
#2709=CARTESIAN_POINT('Ctrl Pts',(143.007856734957,-6.04138716454823,0.));
#2710=CARTESIAN_POINT('Ctrl Pts',(140.120450199296,-7.34193857633325,-218.280833784228));
#2711=CARTESIAN_POINT('Ctrl Pts',(138.993242530878,-7.29431952871423,-218.280833784228));
#2712=CARTESIAN_POINT('Ctrl Pts',(139.626233729703,-5.8985300216912,0.));
#2713=CARTESIAN_POINT('Ctrl Pts',(146.495853240687,-3.5527136788005E-14,
0.));
#2714=CARTESIAN_POINT('Ctrl Pts',(138.988506592156,-2.36880215993532E-13,
-218.280833784228));
#2715=CARTESIAN_POINT('Ctrl Pts',(137.833806053777,-2.78328542246204E-13,
-218.280833784228));
#2716=CARTESIAN_POINT('Ctrl Pts',(143.031751625549,-1.59872115546023E-13,
0.));
#2717=CARTESIAN_POINT('',(0.,0.,0.));
#2718=CARTESIAN_POINT('Origin',(143.031751625549,-1.06581410364015E-13,
0.));
#2719=CARTESIAN_POINT('',(143.031751625549,-1.06581410364015E-13,0.));
#2720=CARTESIAN_POINT('',(71.515875812775,123.869130455512,0.));
#2721=CARTESIAN_POINT('',(143.031751625549,-1.06581410364015E-13,0.));
#2722=CARTESIAN_POINT('',(71.515875812775,123.869130455512,3.));
#2723=CARTESIAN_POINT('',(71.515875812775,123.869130455512,0.));
#2724=CARTESIAN_POINT('',(143.031751625549,-1.06581410364015E-13,3.));
#2725=CARTESIAN_POINT('',(143.031751625549,-1.06581410364015E-13,3.));
#2726=CARTESIAN_POINT('',(143.031751625549,-1.06581410364015E-13,0.));
#2727=CARTESIAN_POINT('Origin',(71.5158758127747,-123.869130455512,0.));
#2728=CARTESIAN_POINT('',(71.5158758127747,-123.869130455512,0.));
#2729=CARTESIAN_POINT('',(71.5158758127747,-123.869130455512,0.));
#2730=CARTESIAN_POINT('',(71.5158758127747,-123.869130455512,3.));
#2731=CARTESIAN_POINT('',(71.5158758127747,-123.869130455512,3.));
#2732=CARTESIAN_POINT('',(71.5158758127747,-123.869130455512,0.));
#2733=CARTESIAN_POINT('Origin',(-71.5158758127749,-123.869130455512,0.));
#2734=CARTESIAN_POINT('',(-71.5158758127749,-123.869130455512,0.));
#2735=CARTESIAN_POINT('',(-71.5158758127749,-123.869130455512,0.));
#2736=CARTESIAN_POINT('',(-71.5158758127749,-123.869130455512,3.));
#2737=CARTESIAN_POINT('',(-71.5158758127749,-123.869130455512,3.));
#2738=CARTESIAN_POINT('',(-71.5158758127749,-123.869130455512,0.));
#2739=CARTESIAN_POINT('Origin',(-143.031751625549,3.90798504668055E-13,
0.));
#2740=CARTESIAN_POINT('',(-143.031751625549,3.90798504668055E-13,0.));
#2741=CARTESIAN_POINT('',(-143.031751625549,3.90798504668055E-13,0.));
#2742=CARTESIAN_POINT('',(-143.031751625549,3.90798504668055E-13,3.));
#2743=CARTESIAN_POINT('',(-143.031751625549,3.90798504668055E-13,3.));
#2744=CARTESIAN_POINT('',(-143.031751625549,3.90798504668055E-13,0.));
#2745=CARTESIAN_POINT('Origin',(-71.5158758127744,123.869130455512,0.));
#2746=CARTESIAN_POINT('',(-71.5158758127744,123.869130455512,0.));
#2747=CARTESIAN_POINT('',(-71.5158758127744,123.869130455512,0.));
#2748=CARTESIAN_POINT('',(-71.5158758127744,123.869130455512,3.));
#2749=CARTESIAN_POINT('',(-71.5158758127744,123.869130455512,3.));
#2750=CARTESIAN_POINT('',(-71.5158758127744,123.869130455512,0.));
#2751=CARTESIAN_POINT('Origin',(71.515875812775,123.869130455512,0.));
#2752=CARTESIAN_POINT('',(71.515875812775,123.869130455512,0.));
#2753=CARTESIAN_POINT('',(71.515875812775,123.869130455512,3.));
#2754=CARTESIAN_POINT('Origin',(5.32907051820075E-14,8.88178419700125E-14,
3.));
#2755=CARTESIAN_POINT('Origin',(5.32907051820075E-14,8.88178419700125E-14,
0.));
#2756=CARTESIAN_POINT('',(0.,0.,0.));
#2757=CARTESIAN_POINT('',(0.,0.,0.));
#2758=CARTESIAN_POINT('Origin',(0.,8.88178419700125E-15,-5.));
#2759=CARTESIAN_POINT('',(0.,0.,-5.));
#2760=CARTESIAN_POINT('',(19.259268114138,-0.440471460222587,-5.));
#2761=CARTESIAN_POINT('Ctrl Pts',(0.,0.,-5.));
#2762=CARTESIAN_POINT('Ctrl Pts',(3.9777355334914,0.,-5.));
#2763=CARTESIAN_POINT('Ctrl Pts',(7.84227087373822,0.,-5.));
#2764=CARTESIAN_POINT('Ctrl Pts',(11.6504602178194,-0.0546642565648376,
-5.));
#2765=CARTESIAN_POINT('Ctrl Pts',(15.445658418864,-0.195978869516591,-5.));
#2766=CARTESIAN_POINT('Ctrl Pts',(19.2592681141295,-0.440471460222033,-5.));
#2767=CARTESIAN_POINT('',(137.733046069513,-40.1336727151884,-5.));
#2768=CARTESIAN_POINT('Ctrl Pts',(19.259268114138,-0.440471460222582,-5.));
#2769=CARTESIAN_POINT('Ctrl Pts',(30.5168211705672,-1.16219930646481,-5.));
#2770=CARTESIAN_POINT('Ctrl Pts',(57.2207606506248,-4.9529003163388,-5.));
#2771=CARTESIAN_POINT('Ctrl Pts',(107.53806751885,-22.3029754431894,-5.));
#2772=CARTESIAN_POINT('Ctrl Pts',(167.793091538381,-33.8819522488809,-5.));
#2773=CARTESIAN_POINT('Ctrl Pts',(167.793091538381,-54.1561766423679,-5.));
#2774=CARTESIAN_POINT('Ctrl Pts',(154.828992710901,-57.9932397473297,-5.));
#2775=CARTESIAN_POINT('Ctrl Pts',(137.733046069513,-40.1336727151884,-5.));
#2776=CARTESIAN_POINT('',(5.89805981832114E-16,-10.,-5.));
#2777=CARTESIAN_POINT('Ctrl Pts',(137.733046069513,-40.1336727151884,-5.));
#2778=CARTESIAN_POINT('Ctrl Pts',(98.3322252854471,-18.3185290042367,-5.));
#2779=CARTESIAN_POINT('Ctrl Pts',(25.3182749059351,-22.3253921348196,-5.));
#2780=CARTESIAN_POINT('Ctrl Pts',(6.12323399573677E-16,-10.,-5.));
#2781=CARTESIAN_POINT('',(-19.259268114138,0.440471460222584,-5.));
#2782=CARTESIAN_POINT('Ctrl Pts',(5.89805981832114E-16,-10.,-5.));
#2783=CARTESIAN_POINT('Ctrl Pts',(-11.4849005098271,-6.98794749511576,-5.));
#2784=CARTESIAN_POINT('Ctrl Pts',(-19.259268114138,0.440471460222584,-5.));
#2785=CARTESIAN_POINT('',(-137.733046069513,40.1336727151884,-5.));
#2786=CARTESIAN_POINT('Ctrl Pts',(-19.259268114138,0.440471460222585,-5.));
#2787=CARTESIAN_POINT('Ctrl Pts',(-30.5168211705672,1.16219930646481,-5.));
#2788=CARTESIAN_POINT('Ctrl Pts',(-57.2207606506248,4.95290031633881,-5.));
#2789=CARTESIAN_POINT('Ctrl Pts',(-107.53806751885,22.3029754431894,-5.));
#2790=CARTESIAN_POINT('Ctrl Pts',(-167.793091538381,33.881952248881,-5.));
#2791=CARTESIAN_POINT('Ctrl Pts',(-167.793091538381,54.1561766423679,-5.));
#2792=CARTESIAN_POINT('Ctrl Pts',(-154.828992710901,57.9932397473297,-5.));
#2793=CARTESIAN_POINT('Ctrl Pts',(-137.733046069513,40.1336727151884,-5.));
#2794=CARTESIAN_POINT('',(5.89805981832114E-16,10.,-5.));
#2795=CARTESIAN_POINT('Ctrl Pts',(-137.733046069513,40.1336727151884,-5.));
#2796=CARTESIAN_POINT('Ctrl Pts',(-98.3322252854471,18.3185290042367,-5.));
#2797=CARTESIAN_POINT('Ctrl Pts',(-25.3182749059351,22.3253921348197,-5.));
#2798=CARTESIAN_POINT('Ctrl Pts',(5.67288564090552E-16,10.,-5.));
#2799=CARTESIAN_POINT('',(18.7908272275645,3.46944695195361E-17,-5.));
#2800=CARTESIAN_POINT('Ctrl Pts',(5.89805981832114E-16,10.,-5.));
#2801=CARTESIAN_POINT('Ctrl Pts',(11.1413443559371,7.07804920500933,-5.));
#2802=CARTESIAN_POINT('Ctrl Pts',(18.7908272275645,0.,-5.));
#2803=CARTESIAN_POINT('',(0.,0.,-5.));
#2804=CARTESIAN_POINT('Ctrl Pts',(137.733046069513,-40.1336727151884,-5.));
#2805=CARTESIAN_POINT('Ctrl Pts',(137.733046069513,-40.1336727151884,5.));
#2806=CARTESIAN_POINT('Ctrl Pts',(154.828992710901,-57.9932397473297,-5.));
#2807=CARTESIAN_POINT('Ctrl Pts',(154.828992710901,-57.9932397473297,5.));
#2808=CARTESIAN_POINT('Ctrl Pts',(167.793091538381,-54.1561766423679,-5.));
#2809=CARTESIAN_POINT('Ctrl Pts',(167.793091538381,-54.1561766423679,5.));
#2810=CARTESIAN_POINT('Ctrl Pts',(167.793091538381,-33.8819522488809,-5.));
#2811=CARTESIAN_POINT('Ctrl Pts',(167.793091538381,-33.8819522488809,5.));
#2812=CARTESIAN_POINT('Ctrl Pts',(107.53806751885,-22.3029754431894,-5.));
#2813=CARTESIAN_POINT('Ctrl Pts',(107.53806751885,-22.3029754431894,5.));
#2814=CARTESIAN_POINT('Ctrl Pts',(57.2207606506248,-4.9529003163388,-5.));
#2815=CARTESIAN_POINT('Ctrl Pts',(57.2207606506248,-4.9529003163388,5.));
#2816=CARTESIAN_POINT('Ctrl Pts',(30.5168211705672,-1.16219930646481,-5.));
#2817=CARTESIAN_POINT('Ctrl Pts',(30.5168211705672,-1.16219930646481,5.));
#2818=CARTESIAN_POINT('Ctrl Pts',(19.259268114138,-0.440471460222582,-5.));
#2819=CARTESIAN_POINT('Ctrl Pts',(19.259268114138,-0.440471460222582,5.));
#2820=CARTESIAN_POINT('',(19.259268114138,-0.440471460222587,5.));
#2821=CARTESIAN_POINT('',(19.259268114138,-0.440471460222587,0.));
#2822=CARTESIAN_POINT('',(137.733046069513,-40.1336727151884,5.));
#2823=CARTESIAN_POINT('Ctrl Pts',(137.733046069513,-40.1336727151884,5.));
#2824=CARTESIAN_POINT('Ctrl Pts',(154.828992710901,-57.9932397473297,5.));
#2825=CARTESIAN_POINT('Ctrl Pts',(167.793091538381,-54.1561766423679,5.));
#2826=CARTESIAN_POINT('Ctrl Pts',(167.793091538381,-33.8819522488809,5.));
#2827=CARTESIAN_POINT('Ctrl Pts',(107.53806751885,-22.3029754431894,5.));
#2828=CARTESIAN_POINT('Ctrl Pts',(57.2207606506248,-4.9529003163388,5.));
#2829=CARTESIAN_POINT('Ctrl Pts',(30.5168211705672,-1.16219930646481,5.));
#2830=CARTESIAN_POINT('Ctrl Pts',(19.259268114138,-0.440471460222582,5.));
#2831=CARTESIAN_POINT('',(137.733046069513,-40.1336727151884,0.));
#2832=CARTESIAN_POINT('Ctrl Pts',(6.12323399573677E-16,-10.,-5.));
#2833=CARTESIAN_POINT('Ctrl Pts',(6.12323399573677E-16,-10.,5.));
#2834=CARTESIAN_POINT('Ctrl Pts',(25.3182749059351,-22.3253921348196,-5.));
#2835=CARTESIAN_POINT('Ctrl Pts',(25.3182749059351,-22.3253921348196,5.));
#2836=CARTESIAN_POINT('Ctrl Pts',(98.3322252854471,-18.3185290042367,-5.));
#2837=CARTESIAN_POINT('Ctrl Pts',(98.3322252854471,-18.3185290042367,5.));
#2838=CARTESIAN_POINT('Ctrl Pts',(137.733046069513,-40.1336727151884,-5.));
#2839=CARTESIAN_POINT('Ctrl Pts',(137.733046069513,-40.1336727151884,5.));
#2840=CARTESIAN_POINT('',(5.89805981832114E-16,-10.,5.));
#2841=CARTESIAN_POINT('Ctrl Pts',(6.12323399573677E-16,-10.,5.));
#2842=CARTESIAN_POINT('Ctrl Pts',(25.3182749059351,-22.3253921348196,5.));
#2843=CARTESIAN_POINT('Ctrl Pts',(98.3322252854471,-18.3185290042367,5.));
#2844=CARTESIAN_POINT('Ctrl Pts',(137.733046069513,-40.1336727151884,5.));
#2845=CARTESIAN_POINT('',(5.89805981832114E-16,-10.,0.));
#2846=CARTESIAN_POINT('Ctrl Pts',(-19.259268114138,0.440471460222584,-5.));
#2847=CARTESIAN_POINT('Ctrl Pts',(-19.259268114138,0.440471460222584,5.));
#2848=CARTESIAN_POINT('Ctrl Pts',(-11.4849005098271,-6.98794749511576,-5.));
#2849=CARTESIAN_POINT('Ctrl Pts',(-11.4849005098271,-6.98794749511576,5.));
#2850=CARTESIAN_POINT('Ctrl Pts',(5.89805981832114E-16,-10.,-5.));
#2851=CARTESIAN_POINT('Ctrl Pts',(5.89805981832114E-16,-10.,5.));
#2852=CARTESIAN_POINT('',(-19.259268114138,0.440471460222584,5.));
#2853=CARTESIAN_POINT('Ctrl Pts',(-19.259268114138,0.440471460222584,5.));
#2854=CARTESIAN_POINT('Ctrl Pts',(-11.4849005098271,-6.98794749511576,5.));
#2855=CARTESIAN_POINT('Ctrl Pts',(5.89805981832114E-16,-10.,5.));
#2856=CARTESIAN_POINT('',(-19.259268114138,0.440471460222584,0.));
#2857=CARTESIAN_POINT('Ctrl Pts',(-137.733046069513,40.1336727151884,-5.));
#2858=CARTESIAN_POINT('Ctrl Pts',(-137.733046069513,40.1336727151884,5.));
#2859=CARTESIAN_POINT('Ctrl Pts',(-154.828992710901,57.9932397473297,-5.));
#2860=CARTESIAN_POINT('Ctrl Pts',(-154.828992710901,57.9932397473297,5.));
#2861=CARTESIAN_POINT('Ctrl Pts',(-167.793091538381,54.1561766423679,-5.));
#2862=CARTESIAN_POINT('Ctrl Pts',(-167.793091538381,54.1561766423679,5.));
#2863=CARTESIAN_POINT('Ctrl Pts',(-167.793091538381,33.881952248881,-5.));
#2864=CARTESIAN_POINT('Ctrl Pts',(-167.793091538381,33.881952248881,5.));
#2865=CARTESIAN_POINT('Ctrl Pts',(-107.53806751885,22.3029754431894,-5.));
#2866=CARTESIAN_POINT('Ctrl Pts',(-107.53806751885,22.3029754431894,5.));
#2867=CARTESIAN_POINT('Ctrl Pts',(-57.2207606506248,4.95290031633881,-5.));
#2868=CARTESIAN_POINT('Ctrl Pts',(-57.2207606506248,4.95290031633881,5.));
#2869=CARTESIAN_POINT('Ctrl Pts',(-30.5168211705672,1.16219930646481,-5.));
#2870=CARTESIAN_POINT('Ctrl Pts',(-30.5168211705672,1.16219930646481,5.));
#2871=CARTESIAN_POINT('Ctrl Pts',(-19.259268114138,0.440471460222585,-5.));
#2872=CARTESIAN_POINT('Ctrl Pts',(-19.259268114138,0.440471460222585,5.));
#2873=CARTESIAN_POINT('',(-137.733046069513,40.1336727151884,5.));
#2874=CARTESIAN_POINT('Ctrl Pts',(-137.733046069513,40.1336727151884,5.));
#2875=CARTESIAN_POINT('Ctrl Pts',(-154.828992710901,57.9932397473297,5.));
#2876=CARTESIAN_POINT('Ctrl Pts',(-167.793091538381,54.1561766423679,5.));
#2877=CARTESIAN_POINT('Ctrl Pts',(-167.793091538381,33.881952248881,5.));
#2878=CARTESIAN_POINT('Ctrl Pts',(-107.53806751885,22.3029754431894,5.));
#2879=CARTESIAN_POINT('Ctrl Pts',(-57.2207606506248,4.95290031633881,5.));
#2880=CARTESIAN_POINT('Ctrl Pts',(-30.5168211705672,1.16219930646481,5.));
#2881=CARTESIAN_POINT('Ctrl Pts',(-19.259268114138,0.440471460222585,5.));
#2882=CARTESIAN_POINT('',(-137.733046069513,40.1336727151884,0.));
#2883=CARTESIAN_POINT('Ctrl Pts',(5.67288564090552E-16,10.,-5.));
#2884=CARTESIAN_POINT('Ctrl Pts',(5.67288564090552E-16,10.,5.));
#2885=CARTESIAN_POINT('Ctrl Pts',(-25.3182749059351,22.3253921348197,-5.));
#2886=CARTESIAN_POINT('Ctrl Pts',(-25.3182749059351,22.3253921348197,5.));
#2887=CARTESIAN_POINT('Ctrl Pts',(-98.3322252854471,18.3185290042367,-5.));
#2888=CARTESIAN_POINT('Ctrl Pts',(-98.3322252854471,18.3185290042367,5.));
#2889=CARTESIAN_POINT('Ctrl Pts',(-137.733046069513,40.1336727151884,-5.));
#2890=CARTESIAN_POINT('Ctrl Pts',(-137.733046069513,40.1336727151884,5.));
#2891=CARTESIAN_POINT('',(5.89805981832114E-16,10.,5.));
#2892=CARTESIAN_POINT('Ctrl Pts',(5.67288564090552E-16,10.,5.));
#2893=CARTESIAN_POINT('Ctrl Pts',(-25.3182749059351,22.3253921348197,5.));
#2894=CARTESIAN_POINT('Ctrl Pts',(-98.3322252854471,18.3185290042367,5.));
#2895=CARTESIAN_POINT('Ctrl Pts',(-137.733046069513,40.1336727151884,5.));
#2896=CARTESIAN_POINT('',(5.89805981832114E-16,10.,0.));
#2897=CARTESIAN_POINT('Ctrl Pts',(18.7908272275645,3.46944695195361E-17,
-5.));
#2898=CARTESIAN_POINT('Ctrl Pts',(18.7908272275645,3.46944695195361E-17,
5.));
#2899=CARTESIAN_POINT('Ctrl Pts',(11.1413443559371,7.07804920500933,-5.));
#2900=CARTESIAN_POINT('Ctrl Pts',(11.1413443559371,7.07804920500933,5.));
#2901=CARTESIAN_POINT('Ctrl Pts',(5.89805981832114E-16,10.,-5.));
#2902=CARTESIAN_POINT('Ctrl Pts',(5.89805981832114E-16,10.,5.));
#2903=CARTESIAN_POINT('',(18.7908272275645,3.46944695195361E-17,5.));
#2904=CARTESIAN_POINT('Ctrl Pts',(18.7908272275645,0.,5.));
#2905=CARTESIAN_POINT('Ctrl Pts',(11.1413443559371,7.07804920500933,5.));
#2906=CARTESIAN_POINT('Ctrl Pts',(5.89805981832114E-16,10.,5.));
#2907=CARTESIAN_POINT('',(18.7908272275645,3.46944695195361E-17,0.));
#2908=CARTESIAN_POINT('Origin',(0.,0.,0.));
#2909=CARTESIAN_POINT('',(0.,0.,5.));
#2910=CARTESIAN_POINT('',(0.,0.,5.));
#2911=CARTESIAN_POINT('',(0.,0.,0.));
#2912=CARTESIAN_POINT('Ctrl Pts',(19.2592681141295,-0.440471460222033,-5.));
#2913=CARTESIAN_POINT('Ctrl Pts',(19.2592681141295,-0.440471460222033,5.));
#2914=CARTESIAN_POINT('Ctrl Pts',(15.445658418864,-0.19597886951659,-5.));
#2915=CARTESIAN_POINT('Ctrl Pts',(15.445658418864,-0.19597886951659,5.));
#2916=CARTESIAN_POINT('Ctrl Pts',(11.6504602178194,-0.0546642565648376,
-5.));
#2917=CARTESIAN_POINT('Ctrl Pts',(11.6504602178194,-0.0546642565648376,
5.));
#2918=CARTESIAN_POINT('Ctrl Pts',(7.84227087373823,0.,-5.));
#2919=CARTESIAN_POINT('Ctrl Pts',(7.84227087373823,0.,5.));
#2920=CARTESIAN_POINT('Ctrl Pts',(3.9777355334914,0.,-5.));
#2921=CARTESIAN_POINT('Ctrl Pts',(3.9777355334914,0.,5.));
#2922=CARTESIAN_POINT('Ctrl Pts',(0.,0.,-5.));
#2923=CARTESIAN_POINT('Ctrl Pts',(0.,0.,5.));
#2924=CARTESIAN_POINT('Ctrl Pts',(19.2592681141295,-0.440471460222033,5.));
#2925=CARTESIAN_POINT('Ctrl Pts',(15.445658418864,-0.195978869516591,5.));
#2926=CARTESIAN_POINT('Ctrl Pts',(11.6504602178194,-0.0546642565648376,
5.));
#2927=CARTESIAN_POINT('Ctrl Pts',(7.84227087373822,0.,5.));
#2928=CARTESIAN_POINT('Ctrl Pts',(3.9777355334914,0.,5.));
#2929=CARTESIAN_POINT('Ctrl Pts',(0.,0.,5.));
#2930=CARTESIAN_POINT('Origin',(0.,8.88178419700125E-15,5.));
#2931=CARTESIAN_POINT('',(0.,0.,0.));
#2932=CARTESIAN_POINT('Origin',(9.00000013411047,40.3173734818478,9.02755435175217));
#2933=CARTESIAN_POINT('',(2.79990022286287,37.0677180748077,12.9003428577854));
#2934=CARTESIAN_POINT('',(16.4738670059565,38.4833095011743,11.2133066897674));
#2935=CARTESIAN_POINT('Origin',(10.0000001490116,35.3058963536233,15.0000002235174));
#2936=CARTESIAN_POINT('',(1.00000075995924,40.3173734818476,9.027554351752));
#2937=CARTESIAN_POINT('Origin',(9.00000013411047,40.3173734818478,9.02755435175217));
#2938=CARTESIAN_POINT('Origin',(9.00000013411047,40.3173734818478,9.02755435175217));
#2939=CARTESIAN_POINT('Origin',(9.00000013411047,12.2129647660316,-14.5548446361447));
#2940=CARTESIAN_POINT('',(1.00000075995924,165.421853389827,114.002677301163));
#2941=CARTESIAN_POINT('Origin',(9.00000013411047,165.421853389827,114.002677301163));
#2942=CARTESIAN_POINT('',(1.00000075995924,12.2129647660316,-14.5548446361447));
#2943=CARTESIAN_POINT('',(2.50000014901161,40.1796460264403,15.0000002235174));
#2944=CARTESIAN_POINT('Ctrl Pts',(2.50000014901161,40.1796460264403,15.0000002235174));
#2945=CARTESIAN_POINT('Ctrl Pts',(2.50000014901161,39.2563225662859,14.2252398486446));
#2946=CARTESIAN_POINT('Ctrl Pts',(2.6136710332682,38.1840989642395,13.5389559934956));
#2947=CARTESIAN_POINT('Ctrl Pts',(2.79990022286287,37.0677180748077,12.9003428577854));
#2948=CARTESIAN_POINT('',(16.9880208223848,50.,17.7235213026555));
#2949=CARTESIAN_POINT('Ctrl Pts',(16.9880208223847,50.,17.7235213026555));
#2950=CARTESIAN_POINT('Ctrl Pts',(16.9796673756646,49.7883318708319,17.7449546078065));
#2951=CARTESIAN_POINT('Ctrl Pts',(16.9664316437367,49.5767847488918,17.7787763985083));
#2952=CARTESIAN_POINT('Ctrl Pts',(16.9065737334204,48.9500308899772,17.9258366037492));
#2953=CARTESIAN_POINT('Ctrl Pts',(16.8385660962298,48.5481214058348,18.0888039980223));
#2954=CARTESIAN_POINT('Ctrl Pts',(16.5240250163306,47.4635265108754,18.7301303318634));
#2955=CARTESIAN_POINT('Ctrl Pts',(16.1495854798671,46.8857878969936,19.3510628082948));
#2956=CARTESIAN_POINT('Ctrl Pts',(15.2149108385984,45.9658489761388,20.4391720277198));
#2957=CARTESIAN_POINT('Ctrl Pts',(14.580961918015,45.5531776087418,20.9999798490737));
#2958=CARTESIAN_POINT('Ctrl Pts',(13.1088088475234,44.8577258091856,21.8789735894481));
#2959=CARTESIAN_POINT('Ctrl Pts',(12.2705289371692,44.5747421947156,22.1968718307405));
#2960=CARTESIAN_POINT('Ctrl Pts',(11.0886839823366,44.26081717879,22.4296704093019));
#2961=CARTESIAN_POINT('Ctrl Pts',(10.6855861397102,44.1657262694929,22.4796741421645));
#2962=CARTESIAN_POINT('Ctrl Pts',(9.87239242912884,43.996908974092,22.5099447206038));
#2963=CARTESIAN_POINT('Ctrl Pts',(9.4623451920746,43.922929126708,22.4901038094068));
#2964=CARTESIAN_POINT('Ctrl Pts',(8.66563412354533,43.7929232445337,22.3927149416293));
#2965=CARTESIAN_POINT('Ctrl Pts',(8.20494944777552,43.7271922450094,22.2971198125374));
#2966=CARTESIAN_POINT('Ctrl Pts',(7.30946402730197,43.6118357540544,22.0164934158261));
#2967=CARTESIAN_POINT('Ctrl Pts',(6.8747480600031,43.5616420588181,21.8314254870575));
#2968=CARTESIAN_POINT('Ctrl Pts',(6.08838213425799,43.4696022126235,21.4155837705808));
#2969=CARTESIAN_POINT('Ctrl Pts',(5.66620772129061,43.4200109388629,21.1414777722464));
#2970=CARTESIAN_POINT('Ctrl Pts',(4.89004661113733,43.3050786740816,20.5125203638779));
#2971=CARTESIAN_POINT('Ctrl Pts',(4.53617099355154,43.238316735281,20.1577923465314));
#2972=CARTESIAN_POINT('Ctrl Pts',(3.93230655705908,43.0714951193631,19.4351794869467));
#2973=CARTESIAN_POINT('Ctrl Pts',(3.64998694880692,42.9595901400261,19.0207908915039));
#2974=CARTESIAN_POINT('Ctrl Pts',(3.18139340645959,42.6463607963629,18.1616498652886));
#2975=CARTESIAN_POINT('Ctrl Pts',(2.99514069691532,42.4433643316159,17.7174963978946));
#2976=CARTESIAN_POINT('Ctrl Pts',(2.72004951469262,41.9330354940586,16.8589875631083));
#2977=CARTESIAN_POINT('Ctrl Pts',(2.62983332006245,41.6242743924854,16.442863478828));
#2978=CARTESIAN_POINT('Ctrl Pts',(2.52013376740001,40.9367311047769,15.6729142828701));
#2979=CARTESIAN_POINT('Ctrl Pts',(2.50000014901161,40.558958378621,15.3182810783332));
#2980=CARTESIAN_POINT('Ctrl Pts',(2.50000014901161,40.1796460264403,15.0000002235174));
#2981=CARTESIAN_POINT('',(13.0564082102019,50.,8.15103170530307));
#2982=CARTESIAN_POINT('Origin',(9.00000013411047,50.,17.1522426919611));
#2983=CARTESIAN_POINT('Ctrl Pts',(16.4738670059567,38.4833095011744,11.2133066897669));
#2984=CARTESIAN_POINT('Ctrl Pts',(16.525812387797,38.8008253999402,11.30211437459));
#2985=CARTESIAN_POINT('Ctrl Pts',(16.5743818131802,39.120038064664,11.3893647493857));
#2986=CARTESIAN_POINT('Ctrl Pts',(16.7331885865333,40.2474983821838,11.6874910085323));
#2987=CARTESIAN_POINT('Ctrl Pts',(16.8247269907928,41.0577459082984,11.8853245185085));
#2988=CARTESIAN_POINT('Ctrl Pts',(16.9570795550312,42.658865098999,12.1933739983608));
#2989=CARTESIAN_POINT('Ctrl Pts',(16.9999995082617,43.4488234407121,12.307416154171));
#2990=CARTESIAN_POINT('Ctrl Pts',(16.9999995082617,44.6458161460421,12.307416154171));
#2991=CARTESIAN_POINT('Ctrl Pts',(16.9866518046571,45.0816107468544,12.2709013760385));
#2992=CARTESIAN_POINT('Ctrl Pts',(16.9065737334204,45.9200837222197,12.0741638432856));
#2993=CARTESIAN_POINT('Ctrl Pts',(16.8385660962298,46.3219932063621,11.9111964490125));
#2994=CARTESIAN_POINT('Ctrl Pts',(16.5240250163306,47.4065881013215,11.2698701151714));
#2995=CARTESIAN_POINT('Ctrl Pts',(16.1495854798671,47.9843267152033,10.64893763874));
#2996=CARTESIAN_POINT('Ctrl Pts',(15.2149108385984,48.9042656360581,9.56082841931499));
#2997=CARTESIAN_POINT('Ctrl Pts',(14.580961918015,49.3169370034551,9.00002059796115));
#2998=CARTESIAN_POINT('Ctrl Pts',(13.5922628650401,49.7840029284553,8.40968777449403));
#2999=CARTESIAN_POINT('Ctrl Pts',(13.3280610526548,49.8958545400782,8.27225900183834));
#3000=CARTESIAN_POINT('Ctrl Pts',(13.0564082102019,50.,8.15103170530307));
#3001=CARTESIAN_POINT('Origin',(9.00000013411047,165.421853389827,114.002677301163));
#3002=CARTESIAN_POINT('Origin',(10.0000001490116,50.,15.0000002235174));
#3003=CARTESIAN_POINT('Origin',(10.0000001490116,50.,15.0000002235174));
#3004=CARTESIAN_POINT('Origin',(10.0000001490116,0.,15.0000002235174));
#3005=CARTESIAN_POINT('',(6.25000014901161,-0.1,15.0000002235174));
#3006=CARTESIAN_POINT('Origin',(10.0000001490116,-0.1,15.0000002235174));
#3007=CARTESIAN_POINT('',(6.25000014901161,0.,15.0000002235174));
#3008=CARTESIAN_POINT('',(6.25000014901161,0.,15.0000002235174));
#3009=CARTESIAN_POINT('Origin',(10.0000001490116,0.,15.0000002235174));
#3010=CARTESIAN_POINT('Origin',(10.0000001490116,-0.1,15.0000002235174));
#3011=CARTESIAN_POINT('Origin',(10.0000001490116,0.,15.0000002235174));
#3012=CARTESIAN_POINT('',(2.50000014901161,0.,15.0000002235174));
#3013=CARTESIAN_POINT('',(2.50000014901161,0.,15.0000002235174));
#3014=CARTESIAN_POINT('Origin',(10.0000001490116,0.,15.0000002235174));
#3015=CARTESIAN_POINT('Origin',(10.0000001490116,0.,15.0000002235174));
#3016=CARTESIAN_POINT('',(0.,0.,0.));
#3017=CARTESIAN_POINT('',(-120.975029899903,27.4384410421656,-205.));
#3018=CARTESIAN_POINT('',(124.223757667464,-24.0246957134392,-205.));
#3019=CARTESIAN_POINT('',(0.,0.,2.));
#3020=CARTESIAN_POINT('',(-105.,128.141286896067,-32.9413751607281));
#3021=CARTESIAN_POINT('',(0.,105.,-94.4139));
#3022=CARTESIAN_POINT('',(-163.473609725624,-26.8620239493323,-32.9413751607281));
#3023=CARTESIAN_POINT('',(-58.4736097256245,-155.0033108454,-32.9413751607281));
#3024=CARTESIAN_POINT('',(105.,-128.141286896068,-32.9413751607281));
#3025=CARTESIAN_POINT('',(163.473609725624,26.8620239493322,-32.9413751607281));
#3026=CARTESIAN_POINT('',(58.4736097256246,155.0033108454,-32.9413751607281));
#3027=CARTESIAN_POINT('',(60.,24.9999999999999,325.));
#3028=CARTESIAN_POINT('',(0.,0.,-163.7106));
#3029=CARTESIAN_POINT('',(-60.,24.9999999999999,325.));
#3030=CARTESIAN_POINT('',(87.6812,105.,-94.4139));
#3031=CARTESIAN_POINT('',(0.,105.,-94.4139));
#3032=CARTESIAN_POINT('',(-87.6812,105.,-94.4139));
#3033=CARTESIAN_POINT('',(0.182642912627113,0.153377875311275,-20.848629564742));
#3034=CARTESIAN_POINT('',(0.,0.,0.));
#3035=CARTESIAN_POINT('',(0.,0.,386.466370488039));
#3036=CARTESIAN_POINT('Origin',(0.,0.,0.));
#3037=UNCERTAINTY_MEASURE_WITH_UNIT(LENGTH_MEASURE(0.01),#3071,
'DISTANCE_ACCURACY_VALUE',
'Maximum model space distance between geometric entities at asserted c
onnectivities');
#3038=UNCERTAINTY_MEASURE_WITH_UNIT(LENGTH_MEASURE(0.01),#3071,
'DISTANCE_ACCURACY_VALUE',
'Maximum model space distance between geometric entities at asserted c
onnectivities');
#3039=UNCERTAINTY_MEASURE_WITH_UNIT(LENGTH_MEASURE(0.01),#3071,
'DISTANCE_ACCURACY_VALUE',
'Maximum model space distance between geometric entities at asserted c
onnectivities');
#3040=UNCERTAINTY_MEASURE_WITH_UNIT(LENGTH_MEASURE(0.01),#3071,
'DISTANCE_ACCURACY_VALUE',
'Maximum model space distance between geometric entities at asserted c
onnectivities');
#3041=UNCERTAINTY_MEASURE_WITH_UNIT(LENGTH_MEASURE(0.01),#3071,
'DISTANCE_ACCURACY_VALUE',
'Maximum model space distance between geometric entities at asserted c
onnectivities');
#3042=UNCERTAINTY_MEASURE_WITH_UNIT(LENGTH_MEASURE(0.01),#3071,
'DISTANCE_ACCURACY_VALUE',
'Maximum model space distance between geometric entities at asserted c
onnectivities');
#3043=UNCERTAINTY_MEASURE_WITH_UNIT(LENGTH_MEASURE(0.01),#3071,
'DISTANCE_ACCURACY_VALUE',
'Maximum model space distance between geometric entities at asserted c
onnectivities');
#3044=UNCERTAINTY_MEASURE_WITH_UNIT(LENGTH_MEASURE(0.01),#3071,
'DISTANCE_ACCURACY_VALUE',
'Maximum model space distance between geometric entities at asserted c
onnectivities');
#3045=UNCERTAINTY_MEASURE_WITH_UNIT(LENGTH_MEASURE(0.01),#3071,
'DISTANCE_ACCURACY_VALUE',
'Maximum model space distance between geometric entities at asserted c
onnectivities');
#3046=UNCERTAINTY_MEASURE_WITH_UNIT(LENGTH_MEASURE(0.01),#3071,
'DISTANCE_ACCURACY_VALUE',
'Maximum model space distance between geometric entities at asserted c
onnectivities');
#3047=UNCERTAINTY_MEASURE_WITH_UNIT(LENGTH_MEASURE(0.01),#3071,
'DISTANCE_ACCURACY_VALUE',
'Maximum model space distance between geometric entities at asserted c
onnectivities');
#3048=UNCERTAINTY_MEASURE_WITH_UNIT(LENGTH_MEASURE(0.01),#3071,
'DISTANCE_ACCURACY_VALUE',
'Maximum model space distance between geometric entities at asserted c
onnectivities');
#3049=UNCERTAINTY_MEASURE_WITH_UNIT(LENGTH_MEASURE(0.01),#3071,
'DISTANCE_ACCURACY_VALUE',
'Maximum model space distance between geometric entities at asserted c
onnectivities');
#3050=UNCERTAINTY_MEASURE_WITH_UNIT(LENGTH_MEASURE(0.01),#3071,
'DISTANCE_ACCURACY_VALUE',
'Maximum model space distance between geometric entities at asserted c
onnectivities');
#3051=UNCERTAINTY_MEASURE_WITH_UNIT(LENGTH_MEASURE(0.01),#3071,
'DISTANCE_ACCURACY_VALUE',
'Maximum model space distance between geometric entities at asserted c
onnectivities');
#3052=UNCERTAINTY_MEASURE_WITH_UNIT(LENGTH_MEASURE(0.01),#3071,
'DISTANCE_ACCURACY_VALUE',
'Maximum model space distance between geometric entities at asserted c
onnectivities');
#3053=UNCERTAINTY_MEASURE_WITH_UNIT(LENGTH_MEASURE(0.01),#3071,
'DISTANCE_ACCURACY_VALUE',
'Maximum model space distance between geometric entities at asserted c
onnectivities');
#3054=(
GEOMETRIC_REPRESENTATION_CONTEXT(3)
GLOBAL_UNCERTAINTY_ASSIGNED_CONTEXT((#3037))
GLOBAL_UNIT_ASSIGNED_CONTEXT((#3071,#3073,#3074))
REPRESENTATION_CONTEXT('','3D')
);
#3055=(
GEOMETRIC_REPRESENTATION_CONTEXT(3)
GLOBAL_UNCERTAINTY_ASSIGNED_CONTEXT((#3038))
GLOBAL_UNIT_ASSIGNED_CONTEXT((#3071,#3073,#3074))
REPRESENTATION_CONTEXT('','3D')
);
#3056=(
GEOMETRIC_REPRESENTATION_CONTEXT(3)
GLOBAL_UNCERTAINTY_ASSIGNED_CONTEXT((#3039))
GLOBAL_UNIT_ASSIGNED_CONTEXT((#3071,#3073,#3074))
REPRESENTATION_CONTEXT('','3D')
);
#3057=(
GEOMETRIC_REPRESENTATION_CONTEXT(3)
GLOBAL_UNCERTAINTY_ASSIGNED_CONTEXT((#3040))
GLOBAL_UNIT_ASSIGNED_CONTEXT((#3071,#3073,#3074))
REPRESENTATION_CONTEXT('','3D')
);
#3058=(
GEOMETRIC_REPRESENTATION_CONTEXT(3)
GLOBAL_UNCERTAINTY_ASSIGNED_CONTEXT((#3041))
GLOBAL_UNIT_ASSIGNED_CONTEXT((#3071,#3073,#3074))
REPRESENTATION_CONTEXT('','3D')
);
#3059=(
GEOMETRIC_REPRESENTATION_CONTEXT(3)
GLOBAL_UNCERTAINTY_ASSIGNED_CONTEXT((#3042))
GLOBAL_UNIT_ASSIGNED_CONTEXT((#3071,#3073,#3074))
REPRESENTATION_CONTEXT('','3D')
);
#3060=(
GEOMETRIC_REPRESENTATION_CONTEXT(3)
GLOBAL_UNCERTAINTY_ASSIGNED_CONTEXT((#3043))
GLOBAL_UNIT_ASSIGNED_CONTEXT((#3071,#3073,#3074))
REPRESENTATION_CONTEXT('','3D')
);
#3061=(
GEOMETRIC_REPRESENTATION_CONTEXT(3)
GLOBAL_UNCERTAINTY_ASSIGNED_CONTEXT((#3044))
GLOBAL_UNIT_ASSIGNED_CONTEXT((#3071,#3073,#3074))
REPRESENTATION_CONTEXT('','3D')
);
#3062=(
GEOMETRIC_REPRESENTATION_CONTEXT(3)
GLOBAL_UNCERTAINTY_ASSIGNED_CONTEXT((#3045))
GLOBAL_UNIT_ASSIGNED_CONTEXT((#3071,#3073,#3074))
REPRESENTATION_CONTEXT('','3D')
);
#3063=(
GEOMETRIC_REPRESENTATION_CONTEXT(3)
GLOBAL_UNCERTAINTY_ASSIGNED_CONTEXT((#3046))
GLOBAL_UNIT_ASSIGNED_CONTEXT((#3071,#3073,#3074))
REPRESENTATION_CONTEXT('','3D')
);
#3064=(
GEOMETRIC_REPRESENTATION_CONTEXT(3)
GLOBAL_UNCERTAINTY_ASSIGNED_CONTEXT((#3047))
GLOBAL_UNIT_ASSIGNED_CONTEXT((#3071,#3073,#3074))
REPRESENTATION_CONTEXT('','3D')
);
#3065=(
GEOMETRIC_REPRESENTATION_CONTEXT(3)
GLOBAL_UNCERTAINTY_ASSIGNED_CONTEXT((#3048))
GLOBAL_UNIT_ASSIGNED_CONTEXT((#3071,#3073,#3074))
REPRESENTATION_CONTEXT('','3D')
);
#3066=(
GEOMETRIC_REPRESENTATION_CONTEXT(3)
GLOBAL_UNCERTAINTY_ASSIGNED_CONTEXT((#3049))
GLOBAL_UNIT_ASSIGNED_CONTEXT((#3071,#3073,#3074))
REPRESENTATION_CONTEXT('','3D')
);
#3067=(
GEOMETRIC_REPRESENTATION_CONTEXT(3)
GLOBAL_UNCERTAINTY_ASSIGNED_CONTEXT((#3050))
GLOBAL_UNIT_ASSIGNED_CONTEXT((#3071,#3073,#3074))
REPRESENTATION_CONTEXT('','3D')
);
#3068=(
GEOMETRIC_REPRESENTATION_CONTEXT(3)
GLOBAL_UNCERTAINTY_ASSIGNED_CONTEXT((#3051))
GLOBAL_UNIT_ASSIGNED_CONTEXT((#3071,#3073,#3074))
REPRESENTATION_CONTEXT('','3D')
);
#3069=(
GEOMETRIC_REPRESENTATION_CONTEXT(3)
GLOBAL_UNCERTAINTY_ASSIGNED_CONTEXT((#3052))
GLOBAL_UNIT_ASSIGNED_CONTEXT((#3071,#3073,#3074))
REPRESENTATION_CONTEXT('','3D')
);
#3070=(
GEOMETRIC_REPRESENTATION_CONTEXT(3)
GLOBAL_UNCERTAINTY_ASSIGNED_CONTEXT((#3053))
GLOBAL_UNIT_ASSIGNED_CONTEXT((#3071,#3073,#3074))
REPRESENTATION_CONTEXT('','3D')
);
#3071=(
LENGTH_UNIT()
NAMED_UNIT(*)
SI_UNIT(.MILLI.,.METRE.)
);
#3072=(
LENGTH_UNIT()
NAMED_UNIT(*)
SI_UNIT($,.METRE.)
);
#3073=(
NAMED_UNIT(*)
PLANE_ANGLE_UNIT()
SI_UNIT($,.RADIAN.)
);
#3074=(
NAMED_UNIT(*)
SI_UNIT($,.STERADIAN.)
SOLID_ANGLE_UNIT()
);
#3075=SHAPE_DEFINITION_REPRESENTATION(#3091,#3129);
#3076=SHAPE_DEFINITION_REPRESENTATION(#3092,#3130);
#3077=SHAPE_DEFINITION_REPRESENTATION(#3093,#3131);
#3078=SHAPE_DEFINITION_REPRESENTATION(#3094,#3132);
#3079=SHAPE_DEFINITION_REPRESENTATION(#3095,#3133);
#3080=SHAPE_DEFINITION_REPRESENTATION(#3096,#3134);
#3081=SHAPE_DEFINITION_REPRESENTATION(#3097,#3135);
#3082=SHAPE_DEFINITION_REPRESENTATION(#3098,#3136);
#3083=SHAPE_DEFINITION_REPRESENTATION(#3101,#3137);
#3084=SHAPE_DEFINITION_REPRESENTATION(#3102,#3138);
#3085=SHAPE_DEFINITION_REPRESENTATION(#3103,#3139);
#3086=SHAPE_DEFINITION_REPRESENTATION(#3104,#3140);
#3087=SHAPE_DEFINITION_REPRESENTATION(#3105,#3141);
#3088=SHAPE_DEFINITION_REPRESENTATION(#3106,#3142);
#3089=SHAPE_DEFINITION_REPRESENTATION(#3107,#3143);
#3090=SHAPE_DEFINITION_REPRESENTATION(#3108,#3144);
#3091=PRODUCT_DEFINITION_SHAPE('',$,#3146);
#3092=PRODUCT_DEFINITION_SHAPE('',$,#3147);
#3093=PRODUCT_DEFINITION_SHAPE('',$,#3148);
#3094=PRODUCT_DEFINITION_SHAPE('',$,#3149);
#3095=PRODUCT_DEFINITION_SHAPE('',$,#3150);
#3096=PRODUCT_DEFINITION_SHAPE('',$,#3151);
#3097=PRODUCT_DEFINITION_SHAPE('',$,#3152);
#3098=PRODUCT_DEFINITION_SHAPE('',$,#3153);
#3099=PRODUCT_DEFINITION_SHAPE($,$,#124);
#3100=PRODUCT_DEFINITION_SHAPE($,$,#125);
#3101=PRODUCT_DEFINITION_SHAPE('',$,#3154);
#3102=PRODUCT_DEFINITION_SHAPE('',$,#3155);
#3103=PRODUCT_DEFINITION_SHAPE('',$,#3156);
#3104=PRODUCT_DEFINITION_SHAPE('',$,#3157);
#3105=PRODUCT_DEFINITION_SHAPE('',$,#3158);
#3106=PRODUCT_DEFINITION_SHAPE('',$,#3159);
#3107=PRODUCT_DEFINITION_SHAPE('',$,#3160);
#3108=PRODUCT_DEFINITION_SHAPE('',$,#3161);
#3109=PRODUCT_DEFINITION_SHAPE($,$,#126);
#3110=PRODUCT_DEFINITION_SHAPE($,$,#127);
#3111=PRODUCT_DEFINITION_SHAPE($,$,#128);
#3112=PRODUCT_DEFINITION_SHAPE($,$,#129);
#3113=PRODUCT_DEFINITION_SHAPE($,$,#130);
#3114=PRODUCT_DEFINITION_SHAPE($,$,#131);
#3115=PRODUCT_DEFINITION_SHAPE($,$,#132);
#3116=PRODUCT_DEFINITION_SHAPE($,$,#133);
#3117=PRODUCT_DEFINITION_SHAPE($,$,#134);
#3118=PRODUCT_DEFINITION_SHAPE($,$,#135);
#3119=PRODUCT_DEFINITION_SHAPE($,$,#136);
#3120=PRODUCT_DEFINITION_SHAPE($,$,#137);
#3121=PRODUCT_DEFINITION_SHAPE($,$,#138);
#3122=PRODUCT_DEFINITION_SHAPE($,$,#139);
#3123=PRODUCT_DEFINITION_SHAPE($,$,#140);
#3124=PRODUCT_DEFINITION_SHAPE($,$,#141);
#3125=PRODUCT_DEFINITION_SHAPE($,$,#142);
#3126=PRODUCT_DEFINITION_SHAPE($,$,#143);
#3127=PRODUCT_DEFINITION_SHAPE($,$,#144);
#3128=PRODUCT_DEFINITION_SHAPE($,$,#145);
#3129=SHAPE_REPRESENTATION('',(#1693,#1802,#1803,#1804,#1805,#1806,#1807,
#1808,#1809,#1810,#1811,#1812,#1813,#1814,#1815,#1816,#1817,#1818),#3054);
#3130=SHAPE_REPRESENTATION('',(#1694),#3055);
#3131=SHAPE_REPRESENTATION('',(#1695),#3056);
#3132=SHAPE_REPRESENTATION('',(#1702),#3057);
#3133=SHAPE_REPRESENTATION('',(#1711,#1736),#3058);
#3134=SHAPE_REPRESENTATION('',(#1718),#3059);
#3135=SHAPE_REPRESENTATION('',(#1729,#1743),#3060);
#3136=SHAPE_REPRESENTATION('',(#1730),#3061);
#3137=SHAPE_REPRESENTATION('',(#1744),#3062);
#3138=SHAPE_REPRESENTATION('',(#1751),#3063);
#3139=SHAPE_REPRESENTATION('',(#1758),#3064);
#3140=SHAPE_REPRESENTATION('',(#1765),#3065);
#3141=SHAPE_REPRESENTATION('',(#1767),#3066);
#3142=SHAPE_REPRESENTATION('',(#1776,#1799,#1800,#1801),#3067);
#3143=SHAPE_REPRESENTATION('',(#1777),#3068);
#3144=SHAPE_REPRESENTATION('',(#1781),#3069);
#3145=PRODUCT_DEFINITION_CONTEXT('part definition',#3195,'design');
#3146=PRODUCT_DEFINITION('3d Scanner','3d Scanner v3',#3162,#3145);
#3147=PRODUCT_DEFINITION('CuteDino_ShortLegs','CuteDino_ShortLegs v2',#3163,
#3145);
#3148=PRODUCT_DEFINITION('Component7','Component7',#3164,#3145);
#3149=PRODUCT_DEFINITION('Component6','Component6',#3165,#3145);
#3150=PRODUCT_DEFINITION('camera','camera v1',#3166,#3145);
#3151=PRODUCT_DEFINITION('Component8','Component8',#3167,#3145);
#3152=PRODUCT_DEFINITION('camera_1','camera v1',#3168,#3145);
#3153=PRODUCT_DEFINITION('Component1','Component1',#3169,#3145);
#3154=PRODUCT_DEFINITION('Component7(Mirror)','Component7(Mirror)',#3170,
#3145);
#3155=PRODUCT_DEFINITION('Component7(Mirror) (1)',
'Component7(Mirror) (1)',#3171,#3145);
#3156=PRODUCT_DEFINITION('Component7(Mirror)(Mirror)',
'Component7(Mirror)(Mirror)',#3172,#3145);
#3157=PRODUCT_DEFINITION('Component12','Component12',#3173,#3145);
#3158=PRODUCT_DEFINITION('Component13','Component13',#3174,#3145);
#3159=PRODUCT_DEFINITION('reel','reel v4',#3175,#3145);
#3160=PRODUCT_DEFINITION('Component1_1','Component1',#3176,#3145);
#3161=PRODUCT_DEFINITION('Component2','Component2',#3177,#3145);
#3162=PRODUCT_DEFINITION_FORMATION('',$,#3197);
#3163=PRODUCT_DEFINITION_FORMATION('',$,#3198);
#3164=PRODUCT_DEFINITION_FORMATION('',$,#3199);
#3165=PRODUCT_DEFINITION_FORMATION('',$,#3200);
#3166=PRODUCT_DEFINITION_FORMATION('',$,#3201);
#3167=PRODUCT_DEFINITION_FORMATION('',$,#3202);
#3168=PRODUCT_DEFINITION_FORMATION('',$,#3203);
#3169=PRODUCT_DEFINITION_FORMATION('',$,#3204);
#3170=PRODUCT_DEFINITION_FORMATION('',$,#3205);
#3171=PRODUCT_DEFINITION_FORMATION('',$,#3206);
#3172=PRODUCT_DEFINITION_FORMATION('',$,#3207);
#3173=PRODUCT_DEFINITION_FORMATION('',$,#3208);
#3174=PRODUCT_DEFINITION_FORMATION('',$,#3209);
#3175=PRODUCT_DEFINITION_FORMATION('',$,#3210);
#3176=PRODUCT_DEFINITION_FORMATION('',$,#3211);
#3177=PRODUCT_DEFINITION_FORMATION('',$,#3212);
#3178=PRODUCT_RELATED_PRODUCT_CATEGORY('3d Scanner v3','3d Scanner v3',
(#3197));
#3179=PRODUCT_RELATED_PRODUCT_CATEGORY('CuteDino_ShortLegs v2',
'CuteDino_ShortLegs v2',(#3198));
#3180=PRODUCT_RELATED_PRODUCT_CATEGORY('Component7','Component7',(#3199));
#3181=PRODUCT_RELATED_PRODUCT_CATEGORY('Component6','Component6',(#3200));
#3182=PRODUCT_RELATED_PRODUCT_CATEGORY('camera v1','camera v1',(#3201));
#3183=PRODUCT_RELATED_PRODUCT_CATEGORY('Component8','Component8',(#3202));
#3184=PRODUCT_RELATED_PRODUCT_CATEGORY('camera v1','camera v1',(#3203));
#3185=PRODUCT_RELATED_PRODUCT_CATEGORY('Component1','Component1',(#3204));
#3186=PRODUCT_RELATED_PRODUCT_CATEGORY('Component7(Mirror)',
'Component7(Mirror)',(#3205));
#3187=PRODUCT_RELATED_PRODUCT_CATEGORY('Component7(Mirror) (1)',
'Component7(Mirror) (1)',(#3206));
#3188=PRODUCT_RELATED_PRODUCT_CATEGORY('Component7(Mirror)(Mirror)',
'Component7(Mirror)(Mirror)',(#3207));
#3189=PRODUCT_RELATED_PRODUCT_CATEGORY('Component12','Component12',(#3208));
#3190=PRODUCT_RELATED_PRODUCT_CATEGORY('Component13','Component13',(#3209));
#3191=PRODUCT_RELATED_PRODUCT_CATEGORY('reel v4','reel v4',(#3210));
#3192=PRODUCT_RELATED_PRODUCT_CATEGORY('Component1','Component1',(#3211));
#3193=PRODUCT_RELATED_PRODUCT_CATEGORY('Component2','Component2',(#3212));
#3194=APPLICATION_PROTOCOL_DEFINITION('international standard',
'automotive_design',2009,#3195);
#3195=APPLICATION_CONTEXT(
'Core Data for Automotive Mechanical Design Process');
#3196=PRODUCT_CONTEXT('part definition',#3195,'mechanical');
#3197=PRODUCT('3d Scanner','3d Scanner v3',$,(#3196));
#3198=PRODUCT('CuteDino_ShortLegs','CuteDino_ShortLegs v2',$,(#3196));
#3199=PRODUCT('Component7','Component7',$,(#3196));
#3200=PRODUCT('Component6','Component6',$,(#3196));
#3201=PRODUCT('camera','camera v1',$,(#3196));
#3202=PRODUCT('Component8','Component8',$,(#3196));
#3203=PRODUCT('camera_1','camera v1',$,(#3196));
#3204=PRODUCT('Component1','Component1',$,(#3196));
#3205=PRODUCT('Component7(Mirror)','Component7(Mirror)',$,(#3196));
#3206=PRODUCT('Component7(Mirror) (1)','Component7(Mirror) (1)',$,(#3196));
#3207=PRODUCT('Component7(Mirror)(Mirror)','Component7(Mirror)(Mirror)',
$,(#3196));
#3208=PRODUCT('Component12','Component12',$,(#3196));
#3209=PRODUCT('Component13','Component13',$,(#3196));
#3210=PRODUCT('reel','reel v4',$,(#3196));
#3211=PRODUCT('Component1_1','Component1',$,(#3196));
#3212=PRODUCT('Component2','Component2',$,(#3196));
#3213=PRESENTATION_STYLE_ASSIGNMENT((#3223));
#3214=PRESENTATION_STYLE_ASSIGNMENT((#3224));
#3215=PRESENTATION_STYLE_ASSIGNMENT((#3225));
#3216=PRESENTATION_STYLE_ASSIGNMENT((#3226));
#3217=PRESENTATION_STYLE_ASSIGNMENT((#3227));
#3218=PRESENTATION_STYLE_ASSIGNMENT((#3228));
#3219=PRESENTATION_STYLE_ASSIGNMENT((#3229));
#3220=PRESENTATION_STYLE_ASSIGNMENT((#3230));
#3221=PRESENTATION_STYLE_ASSIGNMENT((#3231));
#3222=PRESENTATION_STYLE_ASSIGNMENT((NULL_STYLE(.NULL.)));
#3223=SURFACE_STYLE_USAGE(.BOTH.,#3232);
#3224=SURFACE_STYLE_USAGE(.BOTH.,#3233);
#3225=SURFACE_STYLE_USAGE(.BOTH.,#3234);
#3226=SURFACE_STYLE_USAGE(.BOTH.,#3235);
#3227=SURFACE_STYLE_USAGE(.BOTH.,#3236);
#3228=SURFACE_STYLE_USAGE(.BOTH.,#3237);
#3229=SURFACE_STYLE_USAGE(.BOTH.,#3238);
#3230=SURFACE_STYLE_USAGE(.BOTH.,#3239);
#3231=SURFACE_STYLE_USAGE(.BOTH.,#3240);
#3232=SURFACE_SIDE_STYLE('',(#3241));
#3233=SURFACE_SIDE_STYLE('',(#3242));
#3234=SURFACE_SIDE_STYLE('',(#3243));
#3235=SURFACE_SIDE_STYLE('',(#3244));
#3236=SURFACE_SIDE_STYLE('',(#3245));
#3237=SURFACE_SIDE_STYLE('',(#3246));
#3238=SURFACE_SIDE_STYLE('',(#3247));
#3239=SURFACE_SIDE_STYLE('',(#3248));
#3240=SURFACE_SIDE_STYLE('',(#3249));
#3241=SURFACE_STYLE_FILL_AREA(#3250);
#3242=SURFACE_STYLE_FILL_AREA(#3251);
#3243=SURFACE_STYLE_FILL_AREA(#3252);
#3244=SURFACE_STYLE_FILL_AREA(#3253);
#3245=SURFACE_STYLE_FILL_AREA(#3254);
#3246=SURFACE_STYLE_FILL_AREA(#3255);
#3247=SURFACE_STYLE_FILL_AREA(#3256);
#3248=SURFACE_STYLE_FILL_AREA(#3257);
#3249=SURFACE_STYLE_FILL_AREA(#3258);
#3250=FILL_AREA_STYLE('ABS (White)',(#3259));
#3251=FILL_AREA_STYLE('Aluminum - Anodized Glossy (Red)',(#3260));
#3252=FILL_AREA_STYLE('Mirror',(#3261));
#3253=FILL_AREA_STYLE('Nylon 12 (with Formlabs Fuse 1 3D Printer)',(#3262));
#3254=FILL_AREA_STYLE('Chrome - Black',(#3263));
#3255=FILL_AREA_STYLE('Coating - Black Oxide',(#3264));
#3256=FILL_AREA_STYLE('Glass (Clear)',(#3265));
#3257=FILL_AREA_STYLE('Plastic - Matte (Black)',(#3266));
#3258=FILL_AREA_STYLE('LED (Green)',(#3267));
#3259=FILL_AREA_STYLE_COLOUR('ABS (White)',#3268);
#3260=FILL_AREA_STYLE_COLOUR('Aluminum - Anodized Glossy (Red)',#3269);
#3261=FILL_AREA_STYLE_COLOUR('Mirror',#3270);
#3262=FILL_AREA_STYLE_COLOUR(
'Nylon 12 (with Formlabs Fuse 1 3D Printer)',#3271);
#3263=FILL_AREA_STYLE_COLOUR('Chrome - Black',#3272);
#3264=FILL_AREA_STYLE_COLOUR('Coating - Black Oxide',#3273);
#3265=FILL_AREA_STYLE_COLOUR('Glass (Clear)',#3274);
#3266=FILL_AREA_STYLE_COLOUR('Plastic - Matte (Black)',#3275);
#3267=FILL_AREA_STYLE_COLOUR('LED (Green)',#3276);
#3268=COLOUR_RGB('ABS (White)',0.964705882352941,0.964705882352941,0.952941176470588);
#3269=COLOUR_RGB('Aluminum - Anodized Glossy (Red)',0.854901960784314,0.349019607843137,
0.349019607843137);
#3270=COLOUR_RGB('Mirror',0.96078431372549,0.96078431372549,0.964705882352941);
#3271=COLOUR_RGB('Nylon 12 (with Formlabs Fuse 1 3D Printer)',0.247058823529412,
0.247058823529412,0.247058823529412);
#3272=COLOUR_RGB('Chrome - Black',0.564705882352941,0.556862745098039,0.545098039215686);
#3273=COLOUR_RGB('Coating - Black Oxide',0.450980392156863,0.450980392156863,
0.450980392156863);
#3274=COLOUR_RGB('Glass (Clear)',0.964705882352941,0.964705882352941,0.952941176470588);
#3275=COLOUR_RGB('Plastic - Matte (Black)',0.0980392156862745,0.0980392156862745,
0.0980392156862745);
#3276=COLOUR_RGB('LED (Green)',0.266666666666667,0.588235294117647,0.282352941176471);
ENDSEC;
END-ISO-10303-21;
